23.0412,22.7301,22.6258,23.125,22.1828,22.2578,22.0142,22.5799,22.6844,21.9789,21.7855,21.9427,22.0202,21.9058,21.9859,22.9455,22.1476,23.0002,22.9853,22.3622,21.883,21.8854,22.8755,21.9432,22.2272,21.7819,21.8343,21.9246,23.8379,21.9204,21.9365,21.9098,21.8903,22.2182,21.8103,22.2737,21.9466,22.0851,24.5321,22.1499,22.193,22.6815,22.4816,23.26,23.2554,21.898,23.1128,22.6669,22.6984,21.8872,23.8218,22.987,24.1895,22.0337,22.1339,23.1985,22.0491,22.8027,21.9437,22.1826,21.9944,22.7737,21.8435,21.9029,23.1372,23.3816,23.0814,22.1734,23.4256,24.0251,22.4573,21.8613,23.32,22.1407,22.7234,22.0382,23.6388,22.0447,22.1862,22.3787,22.3723,23.1561,22.1672,21.8354,22.5014,21.9319,23.5731,24.9832,22.6088,22.946,22.7834,23.0497,22.3983,22.7271,22.1462,22.0875,21.8723,21.8331,22.2042,22.1515,22.505
22.4274,22.1784,22.0576,22.5436,21.5602,21.6337,21.3857,21.9815,22.1,21.3823,21.1701,21.3362,21.3897,21.3034,21.3631,22.357,21.5209,22.4152,22.4013,21.7642,21.2732,21.2661,22.301,21.3287,21.6319,21.1702,21.2175,21.314,23.2793,21.3154,21.3107,21.3074,21.2798,21.6003,21.1906,21.6765,21.3267,21.4658,23.9789,21.5406,21.5718,22.0929,21.8721,22.6691,22.6752,21.2842,22.5318,22.0931,22.1118,21.2674,23.2448,22.403,23.659,21.4034,21.5045,22.601,21.4276,22.1993,21.3363,21.5597,21.3709,22.18,21.2267,21.2877,22.5564,22.7745,22.4934,21.5493,22.8084,23.4661,21.8638,21.244,22.752,21.5332,22.0936,21.4318,23.0438,21.4215,21.5785,21.8038,21.7847,22.5797,21.5461,21.2089,21.8994,21.3172,23.0248,24.4559,22.0128,22.3616,22.1594,22.4985,21.7665,22.1693,21.5233,21.4591,21.2441,21.218,21.5776,21.5522,21.9039
23.0654,22.7517,22.6499,23.1491,22.2086,22.2887,22.0261,22.593,22.6952,22,21.8017,21.9612,22.0512,21.9212,22.0051,22.983,22.1726,23.0401,23.0219,22.3866,21.9027,21.8982,22.8906,21.9739,22.2551,21.7983,21.845,21.9419,23.8702,21.9415,21.9587,21.9346,21.9071,22.2492,21.8272,22.3021,21.962,22.1152,24.5827,22.1775,22.216,22.7167,22.5039,23.2983,23.2961,21.9214,23.1419,22.6921,22.7241,21.9041,23.837,23.0208,24.2429,22.0654,22.1614,23.228,22.067,22.8411,21.9641,22.2077,22.0135,22.8127,21.8574,21.9166,23.1764,23.4248,23.0853,22.1982,23.4692,24.072,22.4843,21.8726,23.3361,22.167,22.7296,22.0664,23.6811,22.069,22.2079,22.4121,22.4002,23.201,22.1857,21.8469,22.5297,21.9441,23.6225,25.0464,22.6297,22.9575,22.7869,23.0729,22.4317,22.7478,22.1569,22.1201,21.8832,21.8584,22.2311,22.1802,22.5304
22.9695,22.6612,22.551,23.0635,22.1038,22.1699,21.9591,22.5144,22.627,21.915,21.7318,21.8882,21.9375,21.8581,21.9158,22.8378,22.0679,22.9056,22.8777,22.2872,21.8296,21.8333,22.8063,21.8619,22.1516,21.7144,21.774,21.8731,23.7088,21.8652,21.8617,21.8568,21.8376,22.1311,21.7457,22.1834,21.8907,22.0017,24.387,22.0755,22.1123,22.5865,22.3971,23.172,23.1338,21.8223,23.0098,22.6044,22.6097,21.826,23.7392,22.8821,24.0646,21.944,22.042,23.1211,21.9824,22.7022,21.8867,22.1034,21.9236,22.6718,21.79,21.8548,23.0349,23.2544,23.0391,22.0905,23.3023,23.913,22.3763,21.8141,23.2367,22.0666,22.6737,21.9619,23.5464,21.9622,22.1266,22.288,22.2925,23.0465,22.1056,21.7817,22.4215,21.8841,23.4496,24.8228,22.5314,22.8722,22.742,22.9688,22.302,22.6614,22.0924,22.0022,21.8195,21.7532,22.1213,22.0637,22.4263
23.6666,23.3342,23.2251,23.7391,22.8194,22.8913,22.6966,23.2171,23.3179,22.6368,22.4666,22.6001,22.6611,22.5676,22.6367,23.5242,22.7852,23.6052,23.5425,22.9749,22.5411,22.5549,23.5035,22.577,22.851,22.4521,22.5106,22.5907,24.351,22.5835,22.5729,22.5751,22.5598,22.8259,22.4816,22.869,22.6028,22.73,25.0186,22.7849,22.8374,23.2666,23.0894,23.8427,23.8099,22.5162,23.6941,23.2975,23.3052,22.5549,24.4195,23.5664,24.6866,22.6709,22.7833,23.8194,22.7231,23.4234,22.5955,22.8179,22.6436,23.3769,22.5148,22.5773,23.6977,23.9652,23.7397,22.8083,24.0119,24.5594,23.0624,22.5417,23.9104,22.7765,23.3999,22.6685,24.2305,22.6989,22.85,22.9716,22.9949,23.716,22.8279,22.5146,23.1266,22.6038,24.0896,25.4173,23.2128,23.5634,23.4674,23.6455,23.0312,23.3423,22.827,22.7186,22.5443,22.4606,22.8375,22.7605,23.1287
25.6828,24.6939,24.2077,25.6068,24.0371,24.3813,23.9082,24.1084,24.159,23.8813,23.702,23.2178,24.0665,24.1001,23.3785,24.3262,23.795,25.0673,24.7365,24.1611,23.2474,24.3757,23.9175,23.2953,23.8007,24.4952,24.0563,23.3551,24.7967,23.3147,24.4546,23.2807,24.3799,24.309,23.2533,24.3349,24.1955,24.344,25.5078,23.936,24.007,23.8206,24.0248,25.1256,24.5426,23.8864,24.1515,23.8814,24.2702,23.2203,25.1751,24.4894,25.3328,23.5614,24.2427,25.3987,24.3488,24.8641,23.2145,24.0948,23.3763,24.3273,23.2634,23.6325,24.7413,24.8114,25.1218,24.3959,24.917,25.2495,23.7379,23.6054,24.5441,24.0029,24.475,23.7684,25.3718,23.9562,23.6698,23.7276,23.6067,24.4068,24.1243,23.9122,24.1465,23.466,24.5413,26.3035,23.9031,24.2135,25.1906,24.9073,24.032,24.7702,23.8945,23.988,23.8963,23.8136,24.0156,24.3675,24.2172
24.4524,23.2435,22.8167,24.0986,22.8891,23.5669,22.9614,22.9713,22.8856,22.7735,22.5353,22.3923,23.2644,22.7669,22.5629,23.0555,22.9804,23.946,23.2328,22.8017,22.321,23.0056,22.7911,22.3266,22.4839,23.3064,22.9135,22.1451,23.3571,22.482,23.368,22.2483,23.2354,22.8933,22.2629,22.8981,22.8498,23.5366,24.0705,23.1896,23.1017,22.6215,22.8549,23.7604,23.3175,22.7555,23.076,22.5231,23.0874,22.383,23.6923,23.2325,23.8394,22.4842,23.3659,24.4196,23.5182,23.7366,22.2204,22.9416,22.5608,23.0431,22.3678,22.5972,23.4051,23.5455,23.6667,23.2041,23.6621,23.8037,22.6871,22.6977,23.0924,23.1561,23.4044,22.9873,24.222,23.2003,22.8624,22.4966,22.5087,23.3506,22.9478,22.8036,22.9515,22.3777,23.1369,24.8384,22.719,22.999,23.761,23.5003,23.0048,23.3172,22.848,22.9695,22.7862,22.5778,22.977,22.9291,23.0678
26.1123,24.6608,24.1834,25.5626,24.4143,25.258,24.6045,24.551,24.3958,24.3238,24.0047,24.0605,24.9581,24.1553,24.2378,24.6063,24.6627,25.5569,24.705,24.2252,23.934,24.4092,24.3173,23.9421,23.9504,24.8452,24.4728,23.5842,24.7781,24.1288,24.9509,23.7574,24.8246,24.3121,23.8287,24.304,24.3327,25.2293,25.4861,24.8974,24.761,24.0823,24.4327,25.1971,24.8406,24.3181,24.5801,23.9574,24.5689,24.0174,25.1708,24.7876,25.3147,24.0776,25.0508,26.0757,25.208,25.399,23.7452,24.4653,24.2325,24.5967,24.0175,24.1538,24.8716,25.125,25.121,24.7561,25.2297,25.2331,24.223,24.4017,24.5321,24.863,25.0757,24.6751,25.8339,24.891,24.5374,23.9593,23.9858,24.8759,24.5206,24.3773,24.4647,23.9809,24.5205,26.28,24.3371,24.4796,25.2756,24.8774,24.656,24.737,24.4247,24.5533,24.3624,24.0901,24.5414,24.3374,24.6158
23.2529,22.9081,22.6465,23.5685,22.2078,22.3144,21.9621,22.164,22.3175,22.0387,22.0209,21.1632,21.9902,22.5665,21.4113,22.3247,21.7471,22.8532,22.8528,22.5785,21.4015,22.8439,21.9797,21.2856,22.1292,22.6157,22.1847,21.7496,22.9553,21.4065,22.6124,21.5886,22.4547,22.7293,21.4933,22.7473,22.589,22.2682,23.529,21.9377,22.0007,22.0891,22.0325,23.2879,22.5463,21.9748,22.3599,22.1977,22.4169,21.2922,23.0994,22.4627,23.3018,21.6358,22.1541,23.1798,22.2654,22.6808,21.4281,22.2665,21.4068,22.259,21.2696,21.7963,22.9491,22.6688,23.1818,22.5306,22.7879,23.3324,21.8846,21.4309,22.6646,21.9156,22.2574,21.8125,23.1439,21.9725,21.6748,22.0132,21.9548,22.5525,22.2542,22.037,22.2969,21.5566,22.8395,24.1519,21.8026,22.4504,23.224,23.1764,21.9399,22.9452,22.0192,22.2173,22.0168,22.0918,22.2671,22.785,22.3159
32.1184,30.6223,29.6468,31.4516,29.8393,29.8628,29.8106,30.3615,30.6596,29.6689,29.2901,28.829,29.5982,29.4306,28.975,30.754,29.3987,30.9238,31.3277,29.8087,29.037,29.8324,29.7646,29.2193,29.8892,30.4331,30.0462,29.0304,31.1722,28.936,30.0368,28.9776,30.2577,30.015,29.0373,30.066,30.1679,29.8234,31.2287,29.3684,29.8201,29.5812,30.2604,30.6935,30.6275,29.7699,29.6515,29.8641,30.1369,28.8414,31.5771,30.9221,31.6455,29.6501,29.9945,30.9413,29.986,30.8839,28.8444,29.8784,28.969,30.9887,29.0047,29.0972,30.691,31.0422,31.1726,30.407,31.1473,31.4462,29.2845,29.4825,31.3713,29.6692,30.62,29.2551,31.217,29.3516,29.2001,29.6656,29.3005,29.9481,30.06,29.882,29.7596,29.3987,30.5782,32.0781,30.093,30.2153,31.5218,30.4441,30.0938,30.7517,29.8985,29.5793,29.868,29.7665,29.6136,30.0698,30.0829
32.6807,31.1547,30.1791,32.3278,29.2472,31.0568,30.3031,31.2968,31.1532,32.0693,29.3286,33.0515,31.4464,29.2122,31.8749,30.7455,31.6546,31.4597,32.1838,29.9814,30.8799,29.8175,31.1534,30.803,29.5346,30.6371,31.3513,28.2286,31.377,31.6427,31.0686,29.1948,30.319,30.0504,29.4859,30.4548,30.1137,31.0804,31.6298,31.9318,30.5237,29.3717,31.0599,30.5866,30.4886,31.4507,30.7189,29.4558,30.2779,31.8042,31.4015,30.9306,32.0897,29.2595,30.7344,32.957,30.8415,33.1319,29.9391,29.3206,31.8923,31.1261,31.6733,30.3228,30.6827,31.0267,31.296,30.223,31.1835,32.2709,31.1963,31.9446,31.8567,31.3232,32.8508,31.5868,31.6821,31.4641,32.0263,29.6194,30.0915,30.7921,30.069,29.9841,30.0833,30.6474,30.9084,32.6342,32.0507,30.3764,31.4995,30.8311,29.9693,31.3234,29.9861,30.5548,30.351,29.6694,30.6148,30.4177,30.8961
26.1905,26.0656,25.6306,26.4054,24.6853,25.1221,25.0569,25.7484,25.8204,25.7351,24.8451,25.8119,25.1889,24.823,25.4354,25.6626,25.2088,25.9709,26.28,25.2285,25.2558,24.8601,25.729,25.3189,24.9677,25.1336,25.2541,24.2184,26.3173,25.5046,25.1307,24.6514,24.9546,25.1267,24.7803,25.4666,24.9013,25.1318,26.6019,25.3946,25.1263,25.092,25.4422,25.7905,25.724,25.2513,25.4502,25.0509,25.3954,25.5118,26.2553,25.7203,26.7846,24.7625,25.1844,26.4881,25.0885,26.294,24.896,24.7195,25.4413,25.9095,25.5241,25.047,25.7893,26.0202,25.9233,24.9797,26.0852,26.7322,25.6258,25.4295,26.2516,25.3089,25.9132,25.3589,26.1194,25.2135,25.475,25.2035,25.3774,25.6145,24.8947,24.8463,25.2514,25.167,26.0826,27.1172,25.9399,25.6324,25.6026,26.0648,24.961,26.1158,24.9085,25.0512,24.9574,24.8505,25.0067,25.4155,25.4785
32.4352,30.9748,30.0355,32.0799,29.1354,30.872,30.1574,31.1026,30.9884,31.8511,29.2123,32.7555,31.2414,29.1019,31.6533,30.5904,31.439,31.2492,31.9552,29.8376,30.7182,29.6897,30.9816,30.6237,29.4086,30.485,31.1654,28.1392,31.181,31.4406,30.8942,29.0782,30.172,29.9089,29.3689,30.307,29.9835,30.895,31.4268,31.7106,30.37,29.2497,30.8567,30.4281,30.3423,31.253,30.5652,29.3385,30.1397,31.587,31.2165,30.7715,31.862,29.1435,30.5679,32.6736,30.678,32.8599,29.8051,29.2083,31.6695,30.9512,31.4643,30.1667,30.5174,30.8562,31.1193,30.0837,31.0019,32.0357,30.9947,31.7136,31.6423,31.1258,32.5706,31.3855,31.4699,31.2624,31.8026,29.4933,29.9427,30.6188,29.9364,29.8548,29.935,30.4904,30.7303,32.3807,31.799,30.2402,31.3132,30.6688,29.8299,31.1382,29.85,30.404,30.2076,29.5506,30.4587,30.2697,30.7211
30.2463,29.3377,28.6885,30.0462,28.0411,29.3332,28.9315,29.6428,29.5312,29.9599,28.0705,30.55,29.5785,27.992,29.9131,29.1101,29.72,29.523,30.1414,28.5286,29.208,28.4089,29.3662,29.1537,28.1971,28.9502,29.424,27.215,29.6844,29.7059,29.3939,27.9351,28.902,28.7261,28.3017,28.9953,28.7511,29.3467,29.6351,29.916,28.9254,28.0635,29.4587,28.9862,28.9504,29.6411,29.1401,28.1282,28.7678,29.8977,29.7314,29.2334,29.9092,28.0508,29.1092,30.482,29.1045,30.5972,28.5676,28.0956,29.9189,29.3808,29.8359,28.7682,29.0044,29.329,29.6633,28.7334,29.4375,30.0314,29.3448,29.8587,29.9987,29.5327,30.6327,29.6864,29.6981,29.6142,29.9443,28.3199,28.5813,29.0382,28.7086,28.504,28.6074,29.0281,29.1108,30.2203,30.1373,29.0102,29.7968,29.15,28.5684,29.4511,28.711,28.9862,28.7677,28.4165,29.034,28.9692,29.2047
25.6096,25.4898,25.1128,25.7815,24.2843,24.711,24.6589,25.2847,25.3331,25.2351,24.42,25.3167,24.7647,24.4013,24.9954,25.1434,24.7869,25.3918,25.7404,24.747,24.8161,24.424,25.228,24.8464,24.4983,24.68,24.7905,23.8332,25.7689,25.0399,24.742,24.2211,24.5787,24.7139,24.3958,25.0202,24.5206,24.719,25.9418,24.9488,24.6827,24.6123,24.9909,25.2317,25.2164,24.839,25.0038,24.5707,24.9207,25.0634,25.7419,25.1971,26.0705,24.3491,24.739,25.8486,24.6489,25.7296,24.4886,24.3158,25.0017,25.3529,25.0704,24.5973,25.2245,25.478,25.4488,24.5395,25.5316,26.0322,25.1065,24.9645,25.7212,24.8719,25.4559,24.9141,25.522,24.7981,25.015,24.7371,24.8757,25.0779,24.5222,24.4239,24.7796,24.7263,25.4684,26.3709,25.4438,25.1722,25.1763,25.5067,24.5328,25.5337,24.5262,24.6344,24.5265,24.4698,24.5984,24.9724,24.9992
26.6151,27.4996,28.5892,27.5638,27.9425,26.5868,26.6456,26.6059,26.6696,28.0788,27.5405,26.5356,26.5622,28.879,26.4138,26.9236,26.805,26.6874,27.9629,28.9553,26.6054,29.3459,27.0633,26.6337,27.9522,28.1256,28.1021,27.5362,27.6791,26.5281,27.9503,26.8701,27.8088,29.4197,26.6533,29.4341,29.6498,26.5842,27.1792,26.8251,26.5562,27.1923,27.5054,27.786,26.5716,27.8615,27.339,28.2529,27.6142,26.529,26.8037,27.0559,27.1759,26.5962,26.7777,26.7293,26.6651,26.6344,26.9238,27.9958,26.3953,26.6832,26.7956,27.4879,27.8688,26.6079,27.6242,28.2413,26.6813,27.9699,27.3766,26.7933,27.7981,26.829,26.5986,26.5592,26.7921,26.76,26.7588,27.6616,27.4623,26.6558,27.8029,27.8363,27.298,27.6668,28.0595,26.7121,27.1078,26.6456,27.9415,27.5036,26.5406,27.525,26.935,27.6488,27.9734,28.0811,28.1642,29.554,27.3597
26.5655,25.4886,25.0121,25.6402,25.8483,26.4299,25.534,25.5085,25.4476,25.7111,24.8784,26.4704,26.4845,24.8626,25.5869,26.0881,26.4839,26.6167,25.8689,25.1174,25.4324,24.7493,26.4667,25.8475,25.2108,25.7423,25.714,25.1067,26.5446,25.4436,25.8043,24.9051,25.8375,24.9608,24.8555,24.958,25.1501,26.4688,26.5991,26.5408,25.6493,25.7433,26.6495,25.5795,25.9716,25.7822,26.2158,25.9563,26.0394,25.4891,26.4329,26.4158,26.5746,25.3398,26.4926,26.6572,26.5108,26.579,25.607,25.7838,25.5891,25.8785,25.7005,25.6183,25.8053,25.9818,25.6118,25.6947,25.8848,26.2736,26.0285,26.7131,26.489,26.6019,26.5381,25.8508,26.3838,26.297,26.2879,25.2735,25.1854,25.8618,25.5038,25.8115,25.4062,25.7527,26.0903,26.5083,26.7093,25.4123,25.6716,25.5253,25.7824,25.5541,25.5536,25.7095,25.7851,25.1471,25.7039,24.905,25.8353
26.6329,25.4982,25.0469,25.6587,25.9126,26.458,25.5426,25.5664,25.4446,25.7208,24.8731,26.4747,26.5186,24.8863,25.6202,26.1365,26.5182,26.6486,25.9142,25.1518,25.4497,24.7462,26.4815,25.8945,25.2319,25.7946,25.7392,25.1117,26.6275,25.4576,25.8538,24.9189,25.8493,24.9992,24.8658,24.9874,25.1695,26.4947,26.6331,26.5842,25.7099,25.7602,26.7361,25.6128,26.0152,25.8308,26.2592,25.9686,26.1026,25.5198,26.5005,26.4751,26.6089,25.3769,26.5624,26.6864,26.5824,26.6132,25.6168,25.8466,25.617,25.9165,25.7229,25.6171,25.8412,26.0294,25.6384,25.7526,25.9338,26.3084,26.0647,26.7241,26.5668,26.6409,26.5764,25.8839,26.4232,26.3411,26.3007,25.3055,25.2077,25.8925,25.523,25.8664,25.4262,25.7721,26.1208,26.5419,26.796,25.4225,25.6958,25.5601,25.8318,25.5603,25.5614,25.7463,25.8279,25.1805,25.7363,24.9366,25.8691
26.3579,26.3184,26.2544,26.4804,27.2464,26.3942,26.4177,26.3198,26.3754,26.3531,26.4382,26.2767,26.3633,26.9894,26.2088,26.3503,26.5911,26.4197,26.3663,26.7832,26.3029,26.3922,26.4061,26.4018,26.3122,26.3955,26.3571,27.0487,26.5799,26.2588,26.347,26.6076,26.7253,26.3312,26.4062,26.3533,27.2628,26.4007,26.5913,26.5407,26.3089,26.5794,26.6114,26.8252,26.2393,26.2858,26.646,27.143,26.3639,26.3078,26.2913,26.5096,26.4531,26.3681,26.5479,26.4549,26.3949,26.4112,26.5607,27.2037,26.1907,26.4447,26.5461,26.78,27.0255,26.3918,26.3154,26.7045,26.4525,26.4227,26.3711,26.5084,26.5435,26.5575,26.3437,26.298,26.5032,26.5492,26.4728,26.3512,26.4537,26.2732,26.7097,27.036,26.2952,27.0555,26.33,26.3655,26.5561,26.3061,26.6309,26.3621,26.3213,26.3963,26.672,26.9581,26.978,26.4345,27.1939,26.4057,26.5134
36.007,30.6606,28.5943,30.7317,30.6203,33.7542,30.3377,30.5929,30.5498,31.369,28.6749,36.2239,34.749,28.5786,30.6947,32.2139,32.8122,36.1441,31.9344,28.8411,30.609,28.6397,34.2034,32.0081,29.4661,31.3179,31.3863,29.199,33.8263,30.6536,31.8617,28.7495,31.5368,28.9496,28.6881,28.9499,29.1598,34.2833,33.6134,33.6012,30.2889,30.3398,34.3156,30.7997,32.1537,32.0314,31.0044,30.9512,31.5112,30.7205,34.8582,33.179,34.8296,29.7591,33.6055,36.2531,34.4183,35.9438,31.0182,30.5288,30.6956,31.9801,30.727,30.928,31.2474,31.9915,30.6618,30.4978,31.986,32.7279,31.629,36.129,33.3647,34.2479,36.1817,31.1361,32.9921,32.0856,32.4287,29.4022,28.9058,31.0544,29.8993,31.248,29.3201,31.0606,31.9043,35.098,35.3526,30.4439,31.0413,30.6185,30.7658,30.6896,29.9816,30.902,31.2886,29.4832,29.9984,28.9442,31.6434
32.7596,44.2843,43.8624,43.9717,31.1085,29.1656,29.5783,31.5859,38.5399,45.8392,31.1449,45.6219,32.2031,44.0112,32.9713,31.1278,32.7775,36.0397,41.56,45.0647,36.1509,44.8693,43.4899,31.1772,36.1161,34.2999,44.9589,36.9791,39.5278,31.956,33.0465,31.3633,32.7758,40.0043,30.6093,39.928,42.2621,30.2659,43.521,31.7034,28.5983,32.9567,37.9571,43.4045,31.0276,41.2255,32.7755,43.0413,31.0739,33.0118,39.1659,31.1431,43.4787,29.0069,29.6773,37.3652,30.0848,35.4276,39.5958,31.1033,32.9803,31.1236,32.9972,43.5626,44.1548,31.0329,38.8116,31.1699,31.0375,43.3564,43.8123,40.1772,41.5419,30.79,39.6947,31.4912,30.8967,31.6627,31.9396,31.4869,32.5402,31.8502,30.6992,37.3327,30.9507,45.003,44.3578,43.1256,41.1826,36.9354,40.2415,43.3262,28.1314,44.2003,30.4901,33.4621,40.3119,32.1728,32.9924,39.9319,36.323
26.9557,26.588,27.367,26.3471,27.6372,28.9018,28.0559,26.7347,27.0231,31.2449,26.3671,40.0399,31.6653,27.2227,31.6846,26.9127,32.0948,28.1023,27.0433,27.4924,30.3318,26.932,28.7075,29.5695,27.5573,29.2351,30.6703,27.3269,26.2891,30.6537,29.1153,27.6661,29.097,27.5083,27.2428,28.2659,27.9807,29.9282,25.7445,31.2216,28.1073,26.2747,29.9108,26.3051,26.4646,31.5102,27.393,27.1626,27.2957,31.3018,25.592,26.9065,26.1022,27.0075,29.3529,28.2855,29.7599,27.5756,30.2737,27.5313,31.717,26.032,31.0139,29.6811,26.7993,26.23,26.4434,27.6164,26.1008,26.6124,29.7247,37.5888,26.3063,30.4143,28.5604,30.7792,26.7592,31.0916,31.4619,26.7545,27.0697,26.9629,27.9725,30.2065,27.625,31.2051,26.5572,25.5351,29.5589,26.8053,26.3432,26.3637,27.7871,26.3692,28.4404,29.129,30.3661,27.4873,28.7298,28.2751,28.4311
32.2689,41.8006,41.3358,41.54,36.585,31.9999,34.3288,39.8021,41.6927,30.6656,42.0582,27.4058,29.5973,41.6447,30.5031,41.318,29.9581,30.709,40.1661,42.0297,30.9353,42.1773,29.7919,29.6339,42.1672,31.0356,30.441,41.7027,38.5466,30.9411,32.5886,42.1004,31.2661,38.9995,40.7935,38.8436,40.9311,30.4247,41.0618,31.4009,35.0625,41.8395,30.3098,40.7813,40.9923,29.6775,39.5563,41.7892,34.0385,29.9645,38.2175,38.7491,40.8634,41.846,31.4685,31.4866,29.9906,33.2583,30.7496,36.5628,30.4586,42.1834,28.8044,30.8145,41.2408,41.0855,37.8069,36.6767,41.0047,40.7705,30.8439,27.1046,40.1254,30.9379,30.3787,32.5022,38.7661,31.5024,30.2387,41.4081,42.0463,40.8258,39.1203,30.9776,40.0919,29.4851,41.584,40.7781,28.545,39.9389,38.9831,41.2,39.6371,41.7635,35.4462,35.1,30.8179,39.4977,39.1256,38.8543,36.1887
26.1959,24.2604,24.6865,24.8306,25.1698,26.7114,25.18,24.5346,24.217,26.7575,24.0753,34.4884,29.1253,24.5203,27.8161,24.5009,28.2666,27.0726,24.4432,24.6629,26.3786,24.1769,26.4239,27.3038,24.4444,25.8583,26.5297,24.4795,24.3035,27.2195,25.8714,24.65,26.2806,24.3627,24.2289,24.5433,24.6055,27.6465,24.5535,28.1968,25.512,24.1342,27.0157,24.7799,24.5006,27.1233,24.6303,24.4546,25.228,27.5777,24.1335,24.5458,24.4098,24.5452,27.1158,27.6765,27.6069,26.2758,26.7486,25.1467,27.8274,24.4747,27.3696,27.3323,24.6513,24.7525,24.7226,24.9838,24.8027,24.8279,27.3776,33.4702,24.2764,28.0704,27.64,27.3216,25.244,27.5612,27.6137,24.4379,24.4409,24.5666,24.8785,26.7521,24.9846,26.9427,24.2662,24.523,26.861,24.0455,24.6447,24.325,25.2022,24.2955,25.1154,25.8518,26.9238,24.1994,25.193,24.4679,25.7797
25.9163,26.6249,27.9315,26.976,27.0832,25.3498,25.75,26.5127,25.9083,25.2305,27.3539,24.1042,25.0484,27.6144,25.4558,26.7612,25.2435,26.1895,26.4234,27.4342,25.1169,26.5699,25.3504,25.4544,27.1506,25.419,25.3691,27.3637,26.4949,25.4926,25.2647,27.1942,25.6061,26.7326,26.721,26.9589,26.7268,25.1005,27.6738,25.2915,26.5398,27.1916,25.3972,28.0076,27.36,24.9737,26.5652,26.8523,26.6899,25.1608,26.6237,26.4782,26.7843,27.3888,25.7305,26.1481,25.1476,25.8049,25.5212,27.0781,25.4367,27.2237,24.8719,25.942,27.3421,27.8127,26.9362,26.3934,27.9729,27.4435,26.0134,24.501,26.3577,25.5568,25.4065,25.9545,27.6117,25.514,25.0833,27.8165,27.1373,27.0237,26.8839,26.0034,27.7111,25.2575,27.1003,27.5399,24.5318,26.2466,26.4732,27.1572,27.549,26.7707,26.0411,25.8972,25.9946,26.3228,26.3382,26.8651,26.3344
27.9441,26.8822,27.6157,26.2696,30.5864,38.4487,32.726,28.4676,26.7184,29.0252,29.3557,40.2884,38.8112,27.7118,37.9048,28.0132,38.4745,30.8059,26.1318,27.271,31.749,26.2933,28.5958,38.7434,27.9252,28.3635,28.3436,28.8228,25.7028,38.7142,27.7806,31.7231,28.8317,25.9665,31.8381,26.3412,26.3191,38.5852,26.9015,40.0283,41.0559,28.7464,27.543,27.5612,29.2854,28.0074,28.383,26.645,29.5195,36.5193,25.6277,28.1556,26.2311,34.3798,41.7201,29.6704,41.624,29.1213,30.6996,30.4465,37.955,29.0604,35.401,31.2925,27.493,29.758,25.5985,28.8061,29.313,26.6179,30.7179,40.1098,25.5985,38.9563,27.8254,39.902,30.0692,38.7208,40.6019,29.302,29.7079,30.037,28.7761,29.9149,30.9611,30.0708,26.4574,26.5377,27.745,26.9882,25.2801,27.3841,40.4613,27.0035,29.7157,29.7758,29.6421,27.5199,29.4289,26.2971,30.7077
27.3595,26.4066,27.0929,25.8484,29.7144,35.0899,31.5232,27.9722,26.3846,28.4464,28.5515,35.876,35.1269,27.1593,34.7816,27.4467,35.1527,29.7842,25.7979,26.7448,30.7543,25.8687,28.1124,34.6586,27.3394,27.7499,27.7833,28.1581,25.4432,35.2578,27.384,30.4845,28.2642,25.678,30.8622,26.0359,25.9706,35.1464,26.4122,35.7934,35.4193,28.0242,27.1252,27.0363,28.6405,27.5662,27.9488,26.2124,28.8567,34.006,25.4022,27.5617,25.8251,32.5124,35.6213,28.7649,35.6272,28.4894,29.9849,29.5997,34.8117,28.3277,33.3546,30.1576,26.9533,29.0587,25.4241,28.1257,28.6522,26.1627,29.686,35.5982,25.3193,35.3613,27.4611,35.7287,29.144,35.2987,35.9303,28.6328,28.8383,29.1111,28.2085,29.11,29.883,29.3033,26.0135,26.093,27.3321,26.6633,25.0809,26.8716,35.3267,26.5153,29.0767,29.0678,28.9075,27.121,28.8235,25.9885,29.3817
27.8346,26.8257,27.5419,26.2224,30.3783,37.6808,32.5343,28.5232,26.6749,28.8769,29.2406,38.3974,37.994,27.6311,37.1738,27.9113,37.6974,30.68,26.1623,27.2197,31.4686,26.2518,28.4188,37.6146,27.8296,28.2365,28.2049,28.6832,25.7441,37.4287,27.7672,31.4988,28.7954,26.0126,31.6655,26.3618,26.3148,37.8153,26.8429,38.4677,39.2246,28.6571,27.5682,27.5012,29.1083,27.9965,28.2923,26.5781,29.3251,36.0222,25.6942,28.0476,26.1779,33.8949,39.6737,29.5436,39.4123,29.0447,30.4631,30.2441,37.2027,28.9327,35.0611,31.1235,27.4231,29.5759,25.6617,28.6842,29.145,26.555,30.6149,38.1406,25.6357,37.6189,27.907,38.4718,29.9606,37.954,38.5541,29.1436,29.6261,29.9122,28.7454,29.7371,30.8217,29.8546,26.3957,26.4783,27.7694,26.935,25.3354,27.2974,38.7439,26.9461,29.5972,29.7115,29.4756,27.5263,29.3717,26.3176,30.3706
26.1143,25.4609,26.0191,25.0176,27.7036,30.1009,28.6165,26.356,25.2526,26.8642,26.9667,30.5388,30.1911,26.0707,29.8246,26.2025,30.1582,27.8679,24.8229,25.6818,28.2942,24.9652,26.6204,30.1279,26.0701,26.4176,26.4162,26.7304,24.6824,30.1861,26.0679,28.1663,26.6941,24.8127,28.1496,25.0928,24.9413,30.1449,25.4774,30.3579,30.1713,26.6213,25.94,25.8937,27.1272,26.2025,26.4726,25.2727,27.1529,29.5887,24.5572,26.2688,24.9621,29.2331,30.4113,27.1572,30.4903,26.7798,27.8755,27.6326,29.8304,26.7717,29.35,28.0567,25.8262,27.3842,24.5904,26.6234,27.075,25.2087,27.8117,30.3475,24.397,30.2365,26.1052,30.191,27.3734,30.0446,30.4668,27.0098,27.1734,27.4341,26.6595,27.3501,27.9257,27.3455,25.1509,25.2548,26.0179,25.589,24.2195,25.8828,30.4072,25.5446,27.1598,27.1672,27.2083,25.8671,27.0076,25.0634,27.1819
25.4464,25.7005,25.667,26.3902,24.0238,23.3362,23.5705,24.8253,25.0865,24.7355,24.1861,23.2585,23.0213,25.292,22.9858,24.0941,22.4594,24.2952,26.5999,25.9548,23.4345,25.4469,24.0156,23.6454,24.8112,24.7141,24.0588,24.1712,25.7117,23.447,24.5294,23.7878,24.7792,25.6705,23.6652,25.9354,26.5318,23.458,25.3218,22.6266,23.3583,24.0933,23.7713,25.8688,24.0314,23.9945,23.4651,25.0718,24.4884,23.4185,25.4809,23.9527,25.6255,23.463,23.1459,24.3452,23.4416,25.2212,23.5773,24.0912,23.0016,25.2252,23.7878,23.6411,25.8606,24.6723,26.2205,24.4586,25.0127,26.15,23.5879,23.0285,26.346,22.662,24.1323,22.9089,23.8245,22.9084,22.9004,24.827,24.588,23.4616,24.0197,24.523,23.6807,24.5883,25.3202,25.5283,24.513,24.3127,26.8331,25.3608,22.6557,25.8147,23.4647,24.7735,24.2696,24.7058,24.1969,25.8481,24.4221
40.674,46.5334,45.7892,46.4294,45.1719,45.7046,44.8589,45.0952,45.4401,29.7994,46.4941,26.5451,30.002,46.4319,28.9917,45.2379,30.0423,31.2038,45.3091,46.3201,29.2241,46.6405,31.9537,30.5904,45.8793,36.0152,31.1225,46.8773,44.4224,29.2327,39.2979,45.9813,37.5971,44.7119,45.0795,43.8188,45.4003,37.3427,45.3811,29.2626,45.2738,45.9918,30.0246,45.9172,44.5096,29.9471,45.14,46.4178,44.682,28.9877,44.5372,45.5271,45.2856,44.7309,35.0746,29.4422,35.9192,35.7879,29.1523,45.1674,28.9955,45.8557,34.4775,29.1121,45.9884,44.609,44.337,45.4051,44.7156,45.7087,29.0277,28.7969,45.3691,29.201,29.0209,29.2465,45.5967,30.6998,30.5787,44.9921,46.1026,45.945,44.7123,31.4153,45.9857,34.9732,46.1643,45.116,34.9602,44.9537,45.0581,46.199,44.9645,46.4386,45.0305,45.8605,31.1532,43.8185,45.927,44.1089,40.0604
28.966,39.3139,39.3123,39.3085,28.9543,26.5922,28.993,29.9825,40.9959,29.7821,33.4832,26.4882,26.8747,39.3419,27.2948,29.0559,26.6531,28.6673,39.3837,39.6761,30.1911,38.7939,28.3928,26.9614,39.6326,29.0224,28.5474,39.621,38.4719,27.4389,29.6266,30.4003,28.8028,39.3098,32.5876,39.0601,40.2953,26.9568,39.8011,27.4088,26.6281,39.1364,28.9213,41.0187,28.9875,28.5517,30.8272,39.5299,28.8846,27.6995,39.226,28.8731,41.0611,28.9175,26.4643,29.397,26.6246,30.7357,29.9781,28.9632,27.3064,30.6429,26.5094,29.276,40.87,29.0084,39.5334,29.0436,30.3491,40.9746,29.3027,25.4883,39.2458,26.8753,29.1834,27.3811,28.8369,27.4076,26.757,34.5842,35.5467,29.7231,28.7902,28.5833,28.7615,27.6859,40.4047,40.2546,26.4646,40.6212,40.0102,38.8606,26.114,39.1889,29.0022,30.4367,29.2406,37.7217,30.571,39.2309,32.2666
29.1457,43.5716,43.3033,43.5284,35.1485,27.8006,31.0652,42.3628,43.5015,30.0346,43.0972,26.5966,27.3018,43.4578,29.5555,43.8881,28.5736,28.7432,41.7066,43.328,30.4971,42.6001,28.5611,28.5708,43.535,29.195,28.7776,42.5585,42.0091,30.4571,29.8153,42.43,28.9392,41.3521,43.0089,41.1747,42.6201,27.6943,43.881,30.2355,31.4743,43.9206,29.1739,44.0111,43.1454,28.7182,42.4195,42.6956,30.1739,29.2418,42.183,40.4961,43.4326,43.5187,29.7275,29.5134,27.5806,31.0835,30.2431,35.1515,29.5772,44.0957,27.1544,29.4696,43.349,43.2509,42.9153,34.7616,43.3206,43.6512,29.565,25.5525,42.8593,29.6054,29.3508,31.2098,42.8914,29.7518,29.6494,43.3602,43.7237,44.5789,42.4208,28.7187,43.182,27.8286,43.8447,43.9062,26.6158,42.8636,43.3,43.0986,43.8444,43.5545,33.5272,31.1502,29.4218,41.2237,39.0753,41.1346,36.5388
34.7909,35.0113,34.8713,35.0654,34.0868,35.2734,34.1581,35.7269,33.844,35.3439,35.2486,35.2421,35.191,35.1425,34.5726,34.0222,34.8738,34.9089,35.6802,34.9756,35.3684,35.1897,35.3611,34.3354,34.5473,35.4076,35.5484,35.0116,35.6633,35.346,35.2159,34.5336,34.6322,35.4697,34.5928,35.3087,34.6612,35.324,34.6553,35.4818,33.8275,34.8166,35.6581,35.0089,34.2102,35.1399,34.6843,34.7884,33.9895,34.5769,35.3871,34.1073,34.7875,34.2775,34.1172,35.0845,35.1846,35.0763,35.2414,34.1079,34.5549,34.393,34.4344,34.6812,34.8671,34.4474,35.1631,34.1449,34.4522,34.8303,34.7957,35.2691,35.5326,35.5882,35.3813,35.338,35.3196,34.7716,35.2701,34.3384,34.8906,34.5029,34.6545,35.7546,34.9875,35.3582,34.4174,34.5577,35.5604,33.9166,35.384,34.8197,34.247,34.9569,33.8443,35.2464,35.7466,35.4074,35.0553,35.394,34.9003
29.7328,35.1593,36.6197,35.5853,27.1028,26.3227,26.3978,28.2653,28.3435,28.3615,26.8109,26.2097,26.2736,28.3891,25.7535,30.2861,26.2764,28.9093,36.687,28.2158,25.3487,26.5297,30.6826,27.3754,29.9952,27.6111,27.5985,26.8461,35.5948,25.6901,25.4905,26.4691,25.8307,29.1992,26.3282,34.8576,25.2627,26.1696,36.9728,25.5831,26.3441,29.2365,29.0657,28.9613,29.5812,27.1766,28.7548,30.2961,29.9392,25.793,35.5129,30.4318,36.5212,26.8617,26.4198,28.1853,26.3897,28.1998,26.2409,27.1649,25.7444,30.2521,27.6713,26.455,28.5873,29.9486,36.488,26.4121,30.0733,37.0253,28.5585,28.297,36.4456,26.2302,28.3975,25.3119,29.3745,25.8856,26.3537,29.7999,28.0902,28.4375,26.0879,26.2698,29.1328,27.1444,37.2845,36.8874,32.6913,28.1517,28.3578,34.3279,27.1923,34.5229,26.2308,25.6665,26.4696,27.6714,25.5837,34.2459,29.0197
32.4443,23.1509,24.9549,25.5365,33.6267,38.7505,29.796,25.7456,24.523,25.4734,26.501,39.3882,38.8712,25.7303,38.5078,28.2731,38.5623,27.0747,23.187,28.7177,28.6886,26.4813,27.9313,35.1664,24.6266,26.3947,26.3425,26.633,24.1907,38.2258,28.7703,27.8837,34.6991,24.8784,27.4605,23.4533,33.5352,38.8,25.2361,40.0446,39.9314,25.8074,30.0476,28.1645,26.6296,26.8945,28.3918,26.8345,29.0031,36.6012,24.0179,28.0532,24.8996,28.3126,40.4842,33.3873,40.4373,26.1651,27.7283,35.4854,38.4709,25.3598,34.429,36.7512,25.7037,26.0712,24.9808,32.1863,27.453,26.0117,29.7833,39.3806,24.4752,39.0123,27.6197,39.8032,29.555,38.431,39.6717,26.8213,28.1478,27.5151,34.7648,34.3127,28.5755,31.1518,25.1651,25.7815,28.6205,24.9311,28.869,22.8719,39.9014,22.6632,29.594,34.076,37.0199,24.3198,36.7131,22.9245,30.1542
35.8396,29.2477,26.1057,29.0964,35.5138,34.934,35.1812,33.7337,34.5933,27.4124,33.8343,35.4782,35.404,29.3141,34.4221,35.3769,34.5085,34.6868,27.4639,29.1683,35.5707,35.8344,34.8854,35.495,27.5043,29.2471,29.0446,35.223,30.8068,35.3895,32.6661,35.7944,34.6308,27.2659,34.8414,25.1954,35.0017,35.0885,33.7367,35.3111,35.7854,33.9769,32.3453,34.8435,34.9605,28.785,32.9319,33.7146,28.9021,34.9891,33.4097,35.6002,34.3648,35.0651,35.5168,35.2029,35.964,36.2551,35.0412,35.5176,34.412,35.5244,35.4008,35.4386,34.7685,35.1362,27.8854,35.8556,35.0104,28.5986,29.3452,36.1818,30.1601,34.8448,33.9493,35.2273,35.1433,34.4237,35.768,28.2344,29.7954,34.9881,34.6677,35.8355,29.1349,36.5538,28.2581,34.5639,34.0613,34.0132,34.5824,29.1345,35.1486,29.2534,33.6804,35.9799,35.6008,27.629,34.7904,25.2075,33.1721
28.0018,23.1373,24.8902,25.5183,27.071,25.7736,25.7799,25.6478,24.4706,25.4864,26.4483,38.5779,29.6836,25.7075,34.7665,26.1936,29.561,26.8134,23.1242,28.4967,28.6305,26.3872,27.7788,34.6169,24.5605,25.6165,26.3108,26.5399,24.1482,36.9212,26.5614,27.7246,29.4916,24.7764,27.3403,23.3977,33.0986,27.4399,25.2017,28.7213,27.3132,25.7018,29.9391,28.0548,25.4108,26.7137,26.2902,26.8033,25.5361,35.7562,24.0226,25.1168,24.884,26.6439,26.9314,32.8133,27.4932,25.5294,27.6919,27.4214,34.6257,25.2879,34.0442,35.9828,25.6343,25.5496,24.9107,26.7145,27.3003,25.9411,29.502,37.4577,24.4689,27.7989,27.5772,31.7744,25.633,29.4833,28.6804,26.6922,27.9794,25.9287,28.4413,33.9801,25.5724,30.9021,25.1419,25.7493,28.5613,24.858,28.6945,22.8348,26.4132,22.6411,25.5704,28.7887,36.5195,24.2417,29.3073,22.8683,27.6653
30.0185,30.1191,30.145,30.1632,25.4497,27.8208,28.8612,26.0603,27.3417,30.4379,28.6483,30.782,29.4709,26.5804,26.1372,27.1571,26.0669,30.8329,30.567,26.7269,28.8491,29.604,30.047,28.5284,28.8387,30.2316,30.065,25.7099,30.7395,26.1392,30.3377,24.9116,27.8376,29.6953,26.5845,29.9886,25.4946,28.4625,30.3573,27.0212,25.6163,29.9596,31.1814,27.3906,26.9753,30.1236,25.8479,27.3152,29.1259,26.9714,29.4326,27.2544,30.686,26.8644,27.2517,31.0907,28.5876,30.6569,26.4467,25.4417,26.1404,27.8806,28.4046,28.0501,26.2549,27.2359,30.3907,27.136,27.7267,30.7483,30.5383,30.876,30.0145,27.4303,30.8749,26.0535,26.9143,26.1108,26.2693,29.3004,28.9565,26.1053,25.4181,25.9923,26.6877,26.3164,30.1725,30.1258,30.4471,27.6633,28.5457,30.1364,25.0042,30.0791,25.1203,26.0429,25.8956,29.4744,24.0652,30.0451,28.1969
22.0612,22.1193,20.8939,21.5212,24.5222,22.8585,22.6952,22.8867,23.3473,22.6831,23.2045,24.5118,24.0332,23.5649,25.214,23.1521,25.2728,23.1928,21.2376,22.3487,23.9256,22.8626,22.417,24.5118,21.3256,23.3606,23.172,24.5881,21.2692,24.6695,22.5696,24.124,23.6594,21.0877,23.1154,21.1195,24.0686,23.4735,21.5629,25.1643,24.0637,22.3604,22.9468,22.8807,23.6398,23.3052,23.1651,22.6926,21.1872,24.3521,21.2248,22.8835,21.6827,23.7197,23.7425,23.5006,23.8123,22.0865,24.6044,24.3614,25.2493,22.8154,23.181,25.5988,23.2091,23.0505,20.2745,23.423,22.3146,20.2965,22.6658,24.2064,21.0563,24.7302,21.0763,25.9165,22.1637,24.8903,24.7859,21.6905,22.0006,23.9658,24.5782,25.7376,22.8497,24.2001,20.6698,21.5943,22.2147,23.176,21.6482,22.0706,25.0736,21.9725,24.2465,23.8752,25.1367,22.4861,24.7186,21.1394,23.1153
21.158,25.2858,23.5122,20.4417,27.6268,30.0668,26.963,24.2669,26.7211,23.5654,21.7677,25.0807,27.6231,24.0088,24.2311,25.7749,24.0956,26.9826,25.0128,23.4737,25.378,20.7586,23.8532,24.2216,23.8805,22.7013,21.6048,25.6414,25.7618,24.3623,21.3719,24.3618,25.1967,21.8247,23.6511,22.7862,23.0431,30.7504,23.6607,26.2514,25.9632,23.8752,24.9984,23.9192,26.3731,21.4246,23.7699,26.3981,25.7665,23.9709,23.4919,26.0683,24.9508,24.6098,28.2717,22.8307,30.7891,26.6114,25.9141,26.9935,24.2422,24.8049,23.4583,25.1315,26.5488,25.1264,20.7972,23.4191,23.1922,23.7787,24.3583,24.1778,25.2438,26.6686,21.8303,25.5443,23.3211,26.2619,24.6249,23.2818,23.7654,24.7372,23.5377,27.7218,24.2887,25.3014,24.8877,22.1764,24.3255,25.9984,20.1588,25.0356,25.2683,24.8093,27.0866,28.9438,25.1751,21.7942,24.7558,22.707,24.64
25.8594,29.1898,30.6631,26.0003,28.5422,30.7498,30.6297,27.1271,29.2927,30.8998,27.1462,31.4984,30.5236,26.8039,30.4243,31.0361,30.4163,27.0517,28.2696,25.9559,31.6063,24.296,30.8329,31.2549,31.4631,28.1902,28.2401,29.5323,27.6691,31.4869,25.5853,31.5818,25.6695,25.8739,30.6048,29.2585,23.4676,30.7541,26.5591,31.1906,31.1341,31.0407,29.5495,24.6403,30.4557,27.3917,29.911,30.7735,30.4951,30.6056,24.9843,31.0663,26.8753,31.2677,31.419,26.8396,31.4039,26.012,31.2712,27.7404,30.4321,27.1229,30.6292,27.4277,25.9177,26.8749,24.907,25.9766,26.4071,26.8435,31.3747,31.4743,27.2479,31.2625,25.1746,31.072,26.9689,30.7107,31.4652,31.0287,31.2021,30.8606,25.6773,28.2393,30.9755,29.9018,31.0857,26.3665,29.3247,29.6476,23.229,28.9091,31.2658,27.7877,30.5029,28.091,26.7998,28.0272,26.3951,29.1194,28.818
21.1678,25.1897,23.468,20.4214,27.4414,29.7458,26.7888,24.1169,26.538,23.4899,21.7432,24.9975,27.4975,23.974,24.2494,25.663,24.0184,26.7395,24.9638,23.3838,25.261,20.7253,23.7898,24.1992,23.8161,22.7063,21.5945,25.574,25.6507,24.2849,21.3774,24.3067,25.0924,21.8188,23.6121,22.809,22.9822,30.3991,23.5819,26.0146,25.8498,23.8168,24.8772,23.789,26.2425,21.4447,23.7012,26.1898,25.6682,23.9481,23.3046,25.9355,24.7783,24.5637,28.0436,22.7499,30.5939,26.5831,25.752,26.8401,24.2584,24.6842,23.4114,24.9577,26.307,25.0639,20.7274,23.3126,23.1488,23.6678,24.2769,24.1063,25.0517,26.4929,21.754,25.4159,23.1792,26.1909,24.5134,23.2481,23.6887,24.6548,23.4607,27.5461,24.2242,25.1986,24.7687,22.1336,24.2586,25.816,20.1218,24.9688,25.1923,24.7324,26.9383,28.7689,25.0704,21.8288,24.6318,22.7238,24.5436
20.5731,23.6939,22.3792,19.8352,25.5265,26.5696,25.3088,23.1196,24.9698,22.4464,21.0143,23.6268,25.2582,22.8727,23.198,24.199,22.9919,24.747,23.8836,22.3173,23.9054,20.1535,22.6052,22.9266,22.7845,21.8847,20.8524,24.1795,24.5684,23.088,20.7548,23.226,23.6659,21.312,22.7648,22.0992,22.0831,26.8158,22.6027,24.4326,24.2858,22.7468,23.8482,22.6969,24.5534,20.8508,22.7449,24.7026,24.2587,23.0144,22.3654,24.3897,23.4197,23.316,25.7716,21.8438,27.1263,24.7536,24.21,25.1361,23.2091,23.2973,22.5829,23.8332,24.5692,23.7336,20.2797,22.4372,22.2059,22.5314,23.0278,22.8357,23.8513,24.8493,21.0894,23.9302,22.2268,24.5939,23.2027,22.2458,22.6443,23.3291,22.4899,25.4072,22.9694,23.6435,23.528,21.4163,23.2489,24.587,19.6903,23.5668,23.8302,23.3451,25.3309,26.0157,23.6604,21.2094,23.4462,22.046,23.2721
25.3934,27.4405,28.2814,24.8656,27.2731,28.6154,28.9869,26.3913,28.363,28.586,25.7777,29.2494,29.2079,25.7844,28.8691,28.7993,28.6538,26.0813,26.8101,24.9777,29.4971,23.7476,28.3058,28.5367,29.4118,27.3961,27.0267,28.2132,27.0463,28.9725,24.9437,29.4692,25.1611,25.3041,28.1651,27.7205,23.3498,28.7814,25.7229,29.1705,28.971,29.0526,28.4816,23.9428,28.0988,26.2171,27.9937,28.6365,28.7659,28.79,24.605,28.873,25.8666,28.1952,28.8739,25.6229,29.7098,25.6665,28.7522,26.6515,28.8639,25.6564,28.4046,26.1928,25.2664,25.8492,24.4172,25.3071,25.4369,25.9247,29.2643,28.5602,26.2675,29.0544,24.7177,29.1102,25.7009,28.6969,28.6853,28.3969,29.204,29.1757,25.0831,27.0403,28.8077,28.0489,29.0764,25.5093,28.0992,28.5014,22.8696,27.2549,28.6515,26.3792,28.5925,27.0628,25.8931,26.7208,25.5579,27.6969,27.3111
