18.1753,17.4259,17.3372,18.2556,18.0766,17.3859,17.4766,17.4758,17.5793,18.0014,17.5857,18.972,17.7091,18.2463,17.9559,17.3458,17.8535,17.7875,17.4574,17.9369,18.3987,18.1353,17.5384,18.6581,17.8075,17.5925,17.706,18.461,17.5235,17.8644,17.7937,17.9505,17.9469,17.9939,17.7774,17.4254,18.7415,17.4153,17.862,17.6081,17.3479,17.7477,17.6445,18.539,17.5016,18.3478,17.3479,17.6163,17.286,18.2093,17.4065,17.3158,17.5302,17.8395,17.5116,18.3021,17.3428,17.692,19.0036,18.0677,17.9601,17.658,18.1729,18.1896,18.6534,17.8531,17.6058,18.0422,18.1506,17.6547,17.936,18.0965,17.3635,17.5546,18.254,17.5565,17.7092,17.6085,17.7633,17.4835,17.5207,17.4144,17.7772,18.0475,17.3352,18.6335,17.45,18.2605,18.0897,17.5304,18.5276,17.4494,17.4102,17.4991,17.5877,18.2095,18.3144,18.0992,18.1806,17.492,17.8393
18.1904,17.4199,17.3321,18.2595,18.0874,17.3823,17.4783,17.4696,17.5816,17.9954,17.5806,18.9616,17.7102,18.2485,17.9553,17.3455,17.8522,17.7976,17.4548,17.9361,18.3954,18.1334,17.5413,18.655,17.7966,17.5956,17.7084,18.455,17.5165,17.8583,17.7874,17.9375,17.9374,17.995,17.7746,17.4283,18.7264,17.4116,17.8543,17.6041,17.3517,17.7412,17.637,18.5463,17.4971,18.3556,17.347,17.6069,17.2875,18.2107,17.4025,17.3169,17.5391,17.8389,17.514,18.3014,17.3463,17.6882,18.9909,18.0784,17.9594,17.656,18.1717,18.1838,18.6586,17.8513,17.6088,18.0452,18.1452,17.662,17.934,18.0984,17.359,17.5519,18.249,17.554,17.7123,17.6096,17.7553,17.4745,17.5162,17.4117,17.7631,18.0585,17.3323,18.6341,17.4448,18.2591,18.0935,17.5309,18.5206,17.4481,17.4103,17.4947,17.5877,18.2061,18.3254,18.1001,18.1802,17.4877,17.8379
18.1585,17.4907,17.4091,18.3294,18.1772,17.3458,17.3759,17.4048,17.4886,18.044,17.5814,18.9784,17.6884,18.4786,17.9028,17.3073,17.8212,17.7782,17.5124,18.0734,18.2882,18.3177,17.5574,18.5524,17.7036,17.6276,17.7542,18.4575,17.5631,17.8007,17.7857,17.7359,17.9635,18.1469,17.603,17.5136,18.9026,17.3812,17.8808,17.5728,17.2715,17.6599,17.6673,18.6751,17.4561,18.3692,17.34,17.7692,17.2915,18.1405,17.4208,17.2905,17.543,17.6725,17.4587,18.2947,17.3054,17.6886,18.8195,18.1616,17.9075,17.5828,18.0972,18.3208,18.7796,17.7874,17.6569,18.09,18.0633,17.6708,17.9712,18.0981,17.3736,17.5165,18.2609,17.5076,17.6529,17.5686,17.7217,17.417,17.4797,17.3842,17.754,18.1548,17.3213,18.7793,17.4865,18.2732,18.1092,17.4461,18.6314,17.5115,17.3095,17.5665,17.4484,18.3051,18.4224,18.0254,18.2547,17.5884,17.8405
18.0765,17.364,17.3079,18.1303,18.0746,17.367,17.4537,17.3957,17.5311,18.013,17.5566,18.9867,17.6988,18.2141,17.9465,17.3119,17.8298,17.7684,17.416,17.9277,18.4121,18.1183,17.5238,18.6751,17.8193,17.5731,17.7057,18.4799,17.4593,17.8753,17.8112,17.9582,17.9469,17.9894,17.7557,17.4294,18.7471,17.3978,17.7515,17.6297,17.3372,17.6823,17.5938,18.5552,17.4691,18.3749,17.3083,17.5988,17.2616,18.1906,17.3012,17.2754,17.5,17.8369,17.502,18.3122,17.3307,17.6514,19.0203,18.0654,17.951,17.6201,18.1452,18.1794,18.6106,17.8193,17.5116,18.0293,18.1115,17.6665,17.9068,18.1012,17.2718,17.58,18.1477,17.5813,17.7421,17.5922,17.7737,17.4921,17.4882,17.3559,17.7784,18.0397,17.3241,18.6443,17.3801,18.1345,18.0424,17.4847,18.4032,17.3976,17.404,17.4291,17.5782,18.1998,18.3135,18.1249,18.1616,17.4907,17.816
18.1966,17.4417,17.3468,18.2864,18.0864,17.3898,17.4682,17.4499,17.5753,17.9982,17.5965,18.9608,17.7195,18.2724,17.9531,17.3457,17.8622,17.7766,17.4791,17.9406,18.3964,18.1405,17.5443,18.6337,17.7834,17.6037,17.711,18.4561,17.5143,17.8658,17.8135,17.933,17.9497,18.0201,17.7667,17.4601,18.7372,17.4189,17.8617,17.6014,17.3583,17.7488,17.6355,18.5103,17.496,18.3866,17.3503,17.611,17.3,18.2059,17.3859,17.3203,17.5222,17.8297,17.5157,18.3096,17.3565,17.693,18.9851,18.0745,17.9578,17.6387,18.1607,18.1958,18.631,17.8402,17.5953,18.0593,18.1279,17.6498,17.9444,18.1122,17.3416,17.5515,18.2453,17.5556,17.695,17.6148,17.7607,17.4598,17.5266,17.414,17.7753,18.0473,17.3406,18.6459,17.4575,18.2547,18.0845,17.5253,18.5157,17.4676,17.4069,17.5168,17.5865,18.2141,18.3057,18.1234,18.1867,17.5145,17.84
19.4134,18.4426,18.632,19.3078,18.4075,19.3359,18.6381,18.2022,18.0855,18.7349,18.3923,18.2488,18.9245,18.727,18.1525,18.1889,18.3233,18.7559,18.2637,18.6442,18.0962,19.3311,18.1627,18.0971,18.3301,19.3759,18.9325,17.9781,18.2509,18.1843,19.308,18.0141,19.0533,19.0349,17.8986,18.6141,18.6699,19.3991,18.4275,18.8279,18.5294,18.0549,18.3857,18.6669,18.1377,18.6209,18.1564,18.0306,18.6444,18.0821,18.3295,18.2724,18.154,18.0127,19.0517,18.9738,19.4005,18.7353,18.1303,18.5634,18.1524,18.256,18.0305,18.351,18.3522,18.2471,18.9142,18.9265,18.3598,18.4472,18.398,18.4265,18.2777,18.7893,18.5915,18.5248,18.6988,18.771,18.4569,18.1708,18.1541,18.3996,18.5582,18.3452,18.5062,18.191,18.3145,18.7983,18.191,18.1107,18.9221,18.3933,18.4606,18.4911,18.5436,18.4697,18.4338,18.3424,18.4345,18.8282,18.5077
19.2049,18.3611,18.6086,19.0894,18.4078,19.3265,18.6669,18.1049,18.032,18.7104,18.4056,18.2252,18.917,18.7189,18.1452,18.13,18.3149,18.6685,18.1909,18.6288,18.0755,19.3458,18.126,18.1047,18.3337,19.3689,18.9307,17.9825,18.156,18.1642,19.3178,18.0194,19.0604,19.0205,17.9037,18.6142,18.6766,19.3933,18.3227,18.7982,18.5296,18.0551,18.3437,18.5636,18.0823,18.63,18.1189,17.9953,18.6151,18.0834,18.1637,18.2117,18.0298,18.0124,19.0331,18.8504,19.3948,18.6159,18.1142,18.5644,18.145,18.174,18.0361,18.3565,18.2886,18.1617,18.7274,18.9077,18.2573,18.3234,18.3873,18.4277,18.1481,18.7571,18.4305,18.5044,18.595,18.7631,18.4401,18.1769,18.1492,18.3793,18.5632,18.341,18.4939,18.1881,18.2796,18.632,18.124,18.076,18.7328,18.3303,18.4486,18.3982,18.5657,18.4584,18.4327,18.3538,18.4255,18.8292,18.4679
19.4072,18.4391,18.6296,19.3046,18.404,19.3384,18.6351,18.1966,18.0829,18.7348,18.3909,18.2473,18.9243,18.7196,18.1545,18.1831,18.3198,18.7563,18.2662,18.6418,18.094,19.3246,18.1627,18.0954,18.3293,19.3707,18.9328,17.9794,18.254,18.1823,19.3068,18.0155,19.0562,19.035,17.9047,18.6227,18.6727,19.4022,18.4267,18.8264,18.5256,18.0544,18.3826,18.6642,18.135,18.6223,18.1579,18.0297,18.6435,18.0861,18.3264,18.2664,18.1539,18.009,19.0493,18.9699,19.3972,18.7357,18.1298,18.5588,18.154,18.2564,18.0381,18.3466,18.3506,18.2504,18.9119,18.9234,18.3632,18.4449,18.3962,18.426,18.2714,18.7898,18.5881,18.5262,18.6989,18.7708,18.4545,18.1696,18.1565,18.3927,18.5622,18.344,18.5075,18.1912,18.3117,18.7906,18.185,18.1038,18.9237,18.3956,18.4607,18.4873,18.5425,18.4715,18.4329,18.3472,18.4362,18.8345,18.5068
19.2141,18.3293,18.579,19.0498,18.4052,19.3451,18.647,18.1312,18.0151,18.7342,18.3724,18.2682,18.9429,18.6877,18.1452,18.1246,18.3344,18.6972,18.174,18.6043,18.0952,19.3013,18.1555,18.0922,18.3091,19.3784,18.9315,17.9536,18.1504,18.1842,19.2835,17.9979,19.0272,18.9936,17.888,18.5972,18.6397,19.4122,18.3231,18.8103,18.5394,18.0382,18.3406,18.5887,18.0833,18.6145,18.133,17.9695,18.625,18.0703,18.1962,18.2115,18.0467,17.9983,19.0206,18.8818,19.403,18.6231,18.1243,18.5605,18.1459,18.158,18.0206,18.3289,18.3068,18.1587,18.7553,18.9041,18.2468,18.3529,18.3752,18.4645,18.1731,18.789,18.4595,18.519,18.6298,18.7711,18.4736,18.1635,18.1203,18.3765,18.5349,18.3469,18.4708,18.2235,18.2728,18.6428,18.1425,18.0628,18.7563,18.3099,18.4381,18.3674,18.5384,18.4572,18.4342,18.3377,18.4309,18.8076,18.4666
19.1038,18.3451,18.5997,19.0825,18.3216,18.8859,18.5629,18.261,18.0827,18.6107,18.4981,18.0364,18.5829,18.729,18.1935,18.2414,18.412,18.543,18.1909,18.6596,18.072,19.3454,18.0411,18.0965,18.3894,19.2679,18.8443,18.0678,18.1677,18.2218,19.1137,18.2108,18.933,19.0309,18.1058,18.6121,18.7551,18.9689,18.3036,18.4313,18.6032,18.116,18.2232,18.6101,18.2046,18.5308,18.3035,18.0226,18.5208,18.1127,18.1722,18.3414,18.0452,18.2099,19.0107,18.7204,19.0349,18.4328,18.0703,18.4688,18.1953,18.2632,18.0586,18.2498,18.3302,18.2887,18.7481,18.8161,18.378,18.3401,18.2606,18.2067,18.143,18.4309,18.3287,18.5537,18.7891,18.8122,18.555,18.2596,18.2644,18.5443,18.7673,18.3059,18.6481,18.1484,18.2476,18.6036,18.0337,18.1336,18.7924,18.3228,18.7467,18.3804,18.4386,18.3097,18.3815,18.4518,18.6741,18.8254,18.457
20.0985,20.0955,19.9733,20.1338,19.792,19.6477,19.6972,20.0735,20.1468,20.3894,20.1788,20.4592,19.6653,20.1503,20.1747,20.3469,19.621,19.8675,19.9045,19.9516,20.4646,19.7432,20.2652,20.2297,20.1523,19.8549,20.2979,20.0413,20.1094,20.2974,19.8287,20.252,19.6951,19.838,20.054,20.0194,20.0402,19.4858,20.0737,19.5089,19.778,20.0651,19.9195,20.002,19.9076,20.3178,20.1242,20.2996,19.7948,20.2916,20.1934,20.3801,20.3075,19.9755,19.7425,20.1526,19.5395,19.7462,20.2229,19.8204,20.1856,20.1317,20.1043,19.9006,20.0727,20.0782,20.1631,19.7615,20.0557,20.2431,19.8146,19.9547,20.1992,19.6144,20.3609,19.7667,20.3837,19.7764,20.0909,19.9611,19.9396,20.1551,20.138,19.8583,20.0488,20.2627,20.1143,20.4141,20.6622,19.9606,20.145,20.1046,20.23,20.1596,19.9601,19.8141,19.8771,20.0772,19.7272,20.2737,20.0374
20.182,20.0898,19.9782,20.1375,19.8684,19.921,19.8877,20.1579,20.1887,19.9464,20.2287,19.5209,19.9604,20.1534,19.7835,20.407,19.891,19.9908,19.8957,19.9418,20.029,19.7413,19.8652,19.7743,20.1559,19.9285,19.9025,20.0435,20.1093,19.9498,20.0124,20.3352,19.8152,19.8352,20.1965,20.021,20.0265,19.7575,20.0583,19.9096,19.9559,20.0862,20.0759,19.998,19.9682,19.8114,20.2479,20.2873,19.8675,19.8862,20.1767,20.4418,20.2866,20.0837,20.0123,20.4202,19.77,19.9275,19.804,19.8963,19.7944,20.1787,19.7217,20.1202,20.0528,20.1346,20.1476,19.8344,20.1091,20.2405,20.0598,19.7118,20.1904,19.9812,19.827,20.1368,20.502,20.1215,19.8084,19.9968,20,20.2563,20.2251,19.936,20.1573,19.8528,20.0764,20.3868,20.1063,20.0156,20.1344,20.1037,20.4015,20.1561,20.1176,19.9756,19.9529,20.1107,19.8611,20.2733,20.0337
20.2038,20.0753,19.9561,20.1185,19.8753,19.9233,19.8786,20.1526,20.1953,19.9315,20.2162,19.5185,19.9721,20.1328,19.7776,20.4179,19.8923,20.0306,19.8959,19.9366,20.0236,19.7158,19.8723,19.763,20.1494,19.9469,19.9066,20.048,20.0947,19.9362,20.0369,20.3435,19.842,19.8278,20.2007,20.0051,20.0587,19.7632,20.0704,19.9001,19.9692,20.1033,20.0511,20.0266,19.9634,19.8183,20.2566,20.283,19.8795,19.8779,20.1727,20.4564,20.3311,20.0816,20.0213,20.4284,19.7917,19.9383,19.7924,19.9033,19.7878,20.1807,19.7116,20.1168,20.0913,20.1333,20.1423,19.8379,20.102,20.2655,20.0452,19.709,20.173,19.9757,19.818,20.1281,20.5232,20.1254,19.8058,19.9887,19.9877,20.2951,20.2586,19.9526,20.1338,19.8542,20.1072,20.4121,20.0932,20.0001,20.1305,20.0831,20.4045,20.141,20.1197,19.9902,19.9651,20.1152,19.8638,20.256,20.0358
20.1495,20.098,19.9981,20.1557,19.8625,19.9222,19.8775,20.1227,20.1741,19.9371,20.2191,19.5117,19.9582,20.1536,19.7951,20.4109,19.889,19.9744,19.9095,19.9516,20.0157,19.7248,19.8567,19.7758,20.1333,19.9008,19.8856,19.9999,20.1173,19.9413,20.0017,20.2927,19.7951,19.8498,20.1985,20.0411,19.9993,19.7606,20.0767,19.9099,19.9326,20.0882,20.0884,19.9928,19.9766,19.8083,20.2479,20.246,19.8483,19.8956,20.1402,20.4321,20.2695,20.0953,19.999,20.4033,19.7295,19.9284,19.7953,19.889,19.8071,20.1781,19.7268,20.0754,20.0325,20.1333,20.108,19.8373,20.1078,20.2251,20.081,19.7021,20.1502,19.9723,19.7897,20.1338,20.4965,20.1282,19.7976,19.9985,20.0202,20.2388,20.2021,19.9011,20.1776,19.8546,20.0657,20.3823,20.0984,20.0177,20.0929,20.113,20.404,20.159,20.0997,19.973,19.9229,20.103,19.8657,20.2972,20.0262
20.323,20.0395,19.9627,19.9782,20.1082,20.4468,20.0248,19.8545,20.002,20.0521,19.9385,19.7629,20.3738,20.0633,19.7035,20.0151,20.2849,20.1843,19.8552,19.8932,19.9907,19.662,19.9905,19.6343,19.9679,20.164,20.0263,19.7868,20.0584,19.8111,20.2516,19.9392,20.0573,19.7985,19.7852,20.0025,19.9581,20.2252,19.9927,20.3284,19.998,19.8566,20.2483,19.8621,19.6179,19.9664,19.9938,20.1325,20.1638,19.808,20.0595,20.0057,20.2269,19.5423,19.8321,20.4655,20.2692,20.0375,19.7881,20.1445,19.7123,19.831,19.649,20.1961,19.9619,19.7708,20.0145,20.123,19.7504,20.1583,20.1983,20.0202,20.1081,20.4841,19.8453,19.9772,19.9973,20.0695,19.623,19.7431,19.7858,19.9592,19.8391,20.0648,19.781,19.8967,20.0854,20.2824,20.2199,19.8396,19.9601,20.0621,19.6796,20.093,20.3386,20.1054,20.0606,19.8757,20.0199,20.2548,19.9975
20.8923,20.4577,20.7186,20.9014,19.8474,20.0242,20.5294,20.5375,20.3675,20.4395,21.1046,20.3811,20.1803,19.8537,20.3377,20.1124,20.6724,20.393,20.9795,20.1156,21.0342,20.6896,20.3625,20.5523,20.9009,21.0863,20.7291,20.0329,20.9451,20.5169,20.5433,20.2699,20.2087,21.1529,21.1635,21.1841,19.877,20.3598,20.4143,20.2585,19.9044,21.1551,20.3132,20.0856,20.5665,20.8242,19.9691,20.2092,19.9933,20.3532,20.1807,19.9277,20.0175,21.1203,20.2022,20.8628,20.2669,20.6543,20.3835,19.9434,20.3338,20.7168,20.3864,20.6605,20.2823,20.3529,21.2558,19.9944,20.4316,20.4935,20.8581,20.8317,20.4346,20.2068,21.1769,19.9751,20.2426,20.0391,19.8054,20.8142,20.6284,20.1779,19.8412,19.7842,19.9155,20.3198,20.3195,20.6822,20.1547,21.0475,20.5951,20.5897,20.0468,20.7875,20.0709,19.8434,19.8619,21.1872,19.9639,20.7517,20.4392
20.8916,20.4463,20.6972,20.8903,19.8551,20.0223,20.5163,20.5472,20.3612,20.4266,21.1087,20.3841,20.1906,19.848,20.3299,20.1405,20.6581,20.3846,20.9937,20.1073,21.0149,20.7018,20.3556,20.5267,20.8983,21.08,20.7386,20.0149,20.9315,20.4931,20.5342,20.2549,20.2035,21.1648,21.1607,21.1841,19.8887,20.3724,20.4162,20.2557,19.9032,21.1516,20.3116,20.0806,20.5727,20.8201,19.954,20.2022,20.0071,20.3419,20.1792,19.949,20.0046,21.1322,20.2268,20.8503,20.2698,20.6549,20.3747,19.956,20.3238,20.7015,20.3807,20.6756,20.2608,20.3369,21.255,20.0052,20.4004,20.5006,20.8607,20.8481,20.4449,20.206,21.1766,19.9725,20.2423,20.029,19.8165,20.7889,20.6311,20.1805,19.8405,19.7787,19.9028,20.3257,20.3183,20.6834,20.161,21.0184,20.5966,20.5851,20.0582,20.7775,20.0559,19.8356,19.8498,21.184,19.9539,20.7624,20.4366
20.8816,20.4417,20.7198,20.8808,19.8498,20.0255,20.5278,20.5449,20.3654,20.4315,21.1025,20.3818,20.1877,19.8401,20.3303,20.1251,20.6703,20.364,20.9695,20.1144,21.024,20.681,20.3382,20.5538,20.8981,21.0901,20.7219,20.0257,20.9268,20.5141,20.5484,20.2541,20.2148,21.15,21.1759,21.1809,19.8844,20.3623,20.4032,20.257,19.9053,21.1352,20.3016,20.0684,20.564,20.818,19.9574,20.2057,20.004,20.3551,20.1855,19.9453,20.0054,21.1288,20.222,20.8614,20.2625,20.675,20.389,19.9517,20.3234,20.7192,20.3885,20.6555,20.2672,20.3398,21.2556,20.009,20.43,20.4844,20.866,20.8091,20.4365,20.1999,21.1738,19.9793,20.2313,20.0312,19.8085,20.8044,20.6293,20.1655,19.8359,19.7813,19.9136,20.2981,20.3059,20.6643,20.1497,21.0421,20.5929,20.5761,20.0574,20.7708,20.0557,19.843,19.8533,21.1778,19.9609,20.7538,20.4354
20.9563,20.4258,20.6945,20.8522,20.1448,20.1839,20.0849,20.7688,20.798,20.4418,20.3257,20.3924,20.23,19.9486,20.4592,20.4692,20.7415,20.3582,21.0092,20.2788,20.2479,20.8258,20.3141,19.9103,20.2578,21.1208,20.7188,20.3735,20.9045,20.7489,20.619,20.6083,20.3889,21.2286,19.8472,21.177,20.1635,20.4928,20.4126,20.4246,20.2132,20.355,20.296,20.182,20.9622,20.8245,20.0764,20.3363,20.0814,20.4559,20.1527,20.1558,19.9699,20.7537,20.4913,20.8511,20.4289,20.6944,20.6184,20.2334,20.454,21.2022,19.8373,20.7881,20.4541,20.7515,21.2575,20.2453,20.86,20.4712,20.8743,20.7862,20.4398,20.3933,21.1521,20.1672,20.4808,20.1419,20.0146,20.0979,19.9599,20.3747,20.2343,19.9919,20.164,20.577,20.3132,20.6861,20.1757,20.2742,20.7547,20.5506,20.6641,20.7438,20.63,20.0846,20.0156,20.3753,20.2258,20.7579,20.469
20.9455,20.4304,20.6927,20.8498,20.007,20.1594,20.4872,21.0122,20.3058,20.455,20.5196,20.4174,20.2134,19.7923,20.5674,20.4369,20.7908,20.375,20.9119,20.1108,20.7861,20.6362,20.3534,20.0724,20.7089,21.1145,20.6864,19.8309,20.8888,20.9856,20.6259,20.5964,20.2758,21.076,20.4397,21.1408,19.8819,20.4376,20.4233,20.4193,20.3924,20.7244,20.2603,20.077,20.9903,20.8235,20.0918,20.1511,20.1041,20.6864,20.2022,20.1812,20.0174,21.1177,20.5209,20.8495,20.4172,20.7148,20.2651,20.1276,20.5585,21.3668,20.0978,20.6172,20.2529,20.8241,21.299,20.204,21.0317,20.482,20.8737,20.8412,20.4481,20.375,21.2182,20.2716,20.55,20.1632,20.0574,20.3563,20.2326,20.4699,20.1551,19.7536,20.2159,20.2759,20.3012,20.6988,20.1461,20.928,20.6085,20.5449,20.7321,20.7438,20.2294,19.8473,19.8164,20.691,20.0419,20.7122,20.4861
21.6627,21.5211,21.8666,21.8512,21.163,21.0211,21.1428,21.7726,20.9385,20.665,21.0269,19.9011,21.1342,21.7937,20.8763,20.9918,21.3718,21.7467,21.227,21.7302,20.2777,21.2364,20.5437,20.5631,21.1752,21.249,21.3967,20.8961,21.6844,20.9267,20.9817,21.7548,21.5392,21.5429,21.2724,21.4251,21.5401,21.1971,21.8681,20.7213,20.8572,21.202,21.389,21.7261,21.3245,20.4086,21.3205,21.4373,21.1644,20.6817,21.0373,20.9994,20.9624,21.2621,21.6751,21.2363,21.0298,21.5879,20.7916,21.1285,20.8602,21.6205,20.8226,21.1263,21.9475,21.4698,21.8015,20.9697,22.1251,21.8687,21.1178,20.6548,21.4952,20.7265,21.4223,21.0284,21.5936,21.7306,20.6183,21.648,21.4417,20.9208,21.6437,21.5778,21.8042,20.6859,20.9721,21.1868,20.3395,21.0035,21.9031,21.6142,21.6787,21.548,20.863,21.1694,21.8538,21.3174,21.7564,21.4776,21.2582
21.4202,21.508,21.857,21.8682,21.1111,20.7526,21.0384,21.7182,20.941,21.3618,20.9939,21.3339,20.5297,21.7893,20.4733,20.9772,20.6825,21.3326,21.2386,21.7477,20.9233,21.2187,21.4019,21.4174,21.1914,20.9847,20.7592,20.9336,21.6797,21.685,20.7909,21.7813,21.2992,21.5832,21.2965,21.3977,21.5555,20.8315,21.8102,20.4746,20.7578,21.1614,20.8383,21.7762,21.3234,21.3503,21.306,21.4739,21.0357,21.6104,21.0432,20.9721,20.9871,21.2672,21.4051,20.8487,20.6879,21.4334,21.5307,21.077,20.4565,21.6039,21.8374,20.6842,21.9681,21.4597,21.8411,20.9175,22.0909,21.8852,20.6814,20.9287,21.4461,20.4648,20.9439,20.8098,21.5931,21.3178,21.3055,21.5967,21.4365,20.8846,21.6718,21.1452,21.8292,21.5444,20.927,21.1622,21.1896,21.0132,21.9418,21.6122,21.6627,21.5299,20.8284,21.0366,21.2888,21.2586,21.6572,21.4669,21.265
21.6872,21.5337,21.853,21.8565,21.1523,20.9909,21.1328,21.7916,20.9194,20.6726,21.0584,19.9045,21.139,21.8135,20.8827,20.9857,21.3658,21.7499,21.2178,21.7076,20.2684,21.2764,20.538,20.5671,21.199,21.2723,21.3635,20.8297,21.6908,20.9305,20.9998,21.7498,21.5375,21.533,21.2746,21.4099,21.5154,21.1904,21.8685,20.6913,20.8642,21.2167,21.3893,21.7354,21.3115,20.4063,21.3314,21.3636,21.1642,20.6947,21.036,20.994,20.9499,21.2607,21.6691,21.2126,21.0437,21.6013,20.7942,21.1199,20.8654,21.6358,20.8075,21.1043,21.9585,21.4676,21.7656,20.976,22.1413,21.8476,21.1078,20.6888,21.5095,20.7031,21.3947,21.0164,21.5831,21.7158,20.6304,21.6634,21.4214,20.9576,21.6648,21.5529,21.799,20.6974,21.0046,21.2156,20.3399,20.9884,21.8858,21.6252,21.6788,21.5592,20.8283,21.1553,21.8253,21.3127,21.7356,21.4721,21.2558
21.5791,21.5238,21.8976,21.9034,21.1606,20.9455,21.0729,21.7473,20.8481,20.6335,20.9848,19.8817,21.085,21.7997,20.9342,21.0104,21.3317,21.8023,21.2229,21.7718,20.2546,21.2446,20.5515,20.5321,21.1297,21.176,21.4077,20.9281,21.6807,20.9006,20.9138,21.7917,21.5714,21.5809,21.3061,21.3549,21.5892,21.1325,21.7074,20.7155,20.8183,21.1179,21.3819,21.7968,21.3681,20.3194,21.3354,21.4709,21.1063,20.7134,21.0483,21.0018,21.027,21.3196,21.6913,21.1767,20.9487,21.5819,20.7821,21.1245,20.9168,21.5879,20.8125,21.1423,21.9879,21.4958,21.8199,20.9711,22.0939,21.9564,21.1168,20.684,21.4958,20.7373,21.4371,21.0455,21.6009,21.7384,20.5995,21.5438,21.4169,20.8289,21.6992,21.542,21.8611,20.7126,20.8733,21.0956,20.3219,20.9205,21.938,21.628,21.7031,21.554,20.8038,21.1064,21.9015,21.2186,21.7134,21.4232,21.2478
21.389,21.5696,21.8856,21.8738,21.0471,20.8443,21.0166,21.727,20.9241,21.3721,21.0627,21.3408,20.6041,21.8408,20.4164,20.8723,20.7246,21.2732,21.2153,21.7132,20.8902,21.2377,21.4193,21.4166,21.2109,20.9794,20.7697,20.811,21.7412,21.6641,20.7971,21.7227,21.2638,21.5569,21.2417,21.3959,21.517,20.9076,21.803,20.416,20.7399,21.1311,20.8804,21.7024,21.1655,21.3434,21.2976,21.3591,21.0095,21.5676,20.9791,20.9021,20.9615,21.1233,21.3427,20.8566,20.7048,21.4502,21.5036,21.0179,20.4002,21.5674,21.7682,20.6278,21.9475,21.31,21.7308,20.8841,22.0357,21.8647,20.6383,20.9266,21.4903,20.3988,20.867,20.7351,21.5738,21.2971,21.3174,21.6727,21.378,20.9005,21.6339,21.1648,21.8036,21.5568,20.9524,21.172,21.2628,20.9789,21.8358,21.6672,21.5383,21.6007,20.7779,21.1153,21.3148,21.2543,21.7134,21.467,21.2465
23.7465,22.1393,22.6946,22.5989,23.1966,23.3907,22.4121,23.2023,22.502,22.7353,22.8626,23.6227,23.0586,22.903,23.1616,22.7563,22.5101,24.2271,22.2826,24.0928,22.5714,21.8288,23.2024,24.1414,22.0377,22.9158,22.2033,23.2954,22.6597,23.3759,23.0087,23.5231,23.2018,21.8916,23.2104,21.9961,22.7554,23.4288,23.8122,22.451,22.9302,22.555,22.8374,24.2712,22.801,22.2612,22.5456,23.1861,24.0335,23.9866,23.3558,22.5513,23.4443,22.6984,23.4014,23.7266,23.3061,24.4077,23.2677,23.2041,23.16,23.1483,24.2006,23.3495,22.9108,24.2836,22.4963,22.1043,24.444,24.1952,23.1777,23.3438,23.2152,22.3714,23.2971,22.825,23.3516,23.1814,23.2277,24.1725,24.1295,22.8911,22.5825,23.7832,22.0532,23.9516,23.3295,23.4445,23.3603,22.5199,22.4888,21.9605,22.6329,22.1294,22.6711,24.0342,23.3179,22.0656,23.3081,22.0756,23.0756
23.0838,23.8197,22.8349,23.1654,23.2632,23.4012,22.3804,23.9699,23.1613,23.8027,23.3772,23.6123,23.0803,24.0248,23.1936,22.8908,22.5103,22.5441,24.0259,22.7853,22.5644,22.3681,23.0344,24.0892,23.1977,23.6915,22.7976,23.3142,23.3189,23.3965,23.3766,23.477,23.3361,23.1018,23.2081,24.209,22.9518,23.4467,22.1551,22.4665,22.9536,22.2849,22.577,22.964,23.4358,22.7218,22.318,22.9416,22.936,23.9622,22.6821,22.7808,22.0834,22.7151,23.4317,22.8812,23.3125,22.8667,23.2927,23.2901,23.1886,24.3553,24.1897,23.4767,24.3635,22.5605,23.4311,22.3085,22.9921,22.1361,22.1843,23.3307,23.3989,22.3936,22.6697,22.8565,22.345,23.1815,23.2385,22.8195,22.9815,23.1554,22.6861,23.8094,23.5175,23.9148,22.6915,22.9203,23.462,23.0027,22.2012,23.8894,22.6652,24.0264,22.6291,24.1014,23.3551,22.5608,23.3797,24.0882,23.1332
23.8113,22.1177,22.6752,22.5884,23.2712,23.3342,22.448,23.1498,22.5336,22.7146,22.7919,23.5729,23.001,22.8629,23.1362,22.8503,22.4238,24.221,22.2686,24.0767,22.5553,21.7631,23.1572,24.1362,22.0563,22.9302,22.196,23.3053,22.6481,23.3607,22.9741,23.5607,23.217,21.8937,23.2541,21.9738,22.7245,23.3704,23.8042,22.4579,22.9926,22.5828,22.8366,24.2558,22.8578,22.2125,22.4877,23.1995,24.1024,24.0075,23.2714,22.623,23.4632,22.7717,23.491,23.7195,23.354,24.416,23.2519,23.2666,23.1306,23.1803,24.216,23.307,22.9074,24.3479,22.4506,22.1467,24.4505,24.1918,23.1981,23.2813,23.152,22.3679,23.2109,22.844,23.3353,23.1172,23.2009,24.1936,24.1369,22.9386,22.5833,23.7906,22.0448,23.894,23.358,23.4486,23.3247,22.5492,22.4379,21.9289,22.7189,22.1018,22.7078,23.9824,23.3199,22.0515,23.2069,22.0511,23.0716
23.7293,22.8259,22.6372,23.799,23.1658,23.3163,22.4213,22.9848,22.2759,23.7063,23.3116,23.5226,22.9952,23.9717,23.0485,22.282,22.4241,24.0087,22.8974,22.6147,22.5213,22.3025,22.4212,24.0963,23.098,23.6394,22.7599,23.2687,21.9663,23.3384,23.3222,23.4581,23.3198,23.0198,23.1606,24.0375,22.9311,23.3816,22.8529,22.4257,22.8946,21.8528,22.3023,24.2218,22.4388,22.6514,21.7901,22.5199,22.6863,23.8853,22.7078,22.1424,22.7888,22.6823,23.3242,23.5126,23.2635,24.1991,23.2195,23.1976,23.0477,22.9994,24.1296,23.4376,22.7936,24.179,24.0133,22.2404,24.4326,22.9177,21.988,23.2288,22.2259,22.3442,23.296,22.7682,23.2187,23.0332,23.1607,22.6797,22.7303,22.3831,22.6362,23.8464,23.3816,23.8565,21.8928,22.9296,22.8972,22.1637,22.6451,22.6236,22.6136,22.8678,22.618,24.0648,23.3442,22.5145,23.2719,23.9777,23.0293
22.9996,23.6894,22.7731,23.0857,23.1884,23.3673,22.3589,23.8312,23.1374,23.7202,23.2708,23.5442,23.0282,23.9172,23.0804,22.8302,22.437,22.409,23.9366,22.7593,22.5405,22.2843,22.96,24.0379,23.1968,23.516,22.7262,23.3039,23.383,23.3093,23.2704,23.5255,23.235,23.043,23.1696,24.1513,22.8383,23.4297,22.1705,22.3969,22.8789,22.3038,22.6956,22.8389,23.341,22.6522,22.2454,22.9517,22.8437,23.9446,22.5676,22.6909,21.9508,22.6791,23.359,22.8489,23.1635,22.8315,23.2375,23.2135,23.0801,24.3374,24.1543,23.4416,24.2335,22.468,23.2989,22.2559,22.9599,22.0465,22.181,23.2003,23.2614,22.3084,22.5289,22.7633,22.2467,23.0985,23.135,22.7868,22.9704,23.1639,22.5643,23.6794,23.4961,23.7613,22.7211,22.9164,23.5302,22.9837,22.0862,23.7886,22.6236,23.9077,22.639,24.0444,23.2824,22.4812,23.3067,23.9828,23.0681
23.8633,23.4911,22.5359,22.5585,24.8183,22.7769,24.1568,23.1301,22.9073,21.6929,24.3289,22.96,23.466,23.531,22.7856,22.99,23.8919,22.2205,23.0597,22.6887,22.6849,23.6453,23.2561,23.6697,22.8281,24.133,23.1414,23.0786,22.9006,22.9533,23.6289,23.3224,22.2034,22.9851,23.0461,21.7783,21.7103,23.2023,20.2192,24.4611,22.7765,21.8978,22.1828,23.0517,23.3262,23.6545,21.4913,21.8742,22.7729,22.7012,21.7377,24.3861,21.5756,23.7152,23.7092,24.572,23.6742,21.272,23.231,24.5315,22.6793,23.2658,24.4693,22.8847,23.6138,22.0082,22.7015,23.3956,23.0027,23.5733,22.8841,23.9374,22.9616,24.1972,22.9298,23.4656,24.1359,24.5539,24.1135,23.8218,23.5697,23.6514,23.0622,24.1967,22.9573,24.62,23.7969,24.6626,24.0783,22.7113,22.4908,23.4945,23.432,23.4492,23.7029,23.3347,22.9923,23.3663,23.3036,21.1945,23.175
23.7783,23.5163,22.533,22.5575,24.9311,22.8145,24.2022,23.1444,22.9131,21.7019,24.2927,22.9487,23.4858,23.5621,22.7848,23.0083,23.882,22.2371,23.0364,22.7013,22.6956,23.6135,23.2054,23.7115,22.8055,24.0739,23.0943,23.0849,22.8985,22.9637,23.6187,23.3305,22.2476,22.9269,23.0226,21.7653,21.7321,23.2231,20.2122,24.4143,22.7988,21.9004,22.1815,23.007,23.2857,23.6343,21.522,21.9402,22.7648,22.6541,21.7403,24.3591,21.5645,23.6973,23.6949,24.4713,23.6634,21.2614,23.2464,24.6159,22.6651,23.2762,24.378,22.8123,23.6519,21.9475,22.7586,23.4313,22.9875,23.5425,22.8903,23.8618,22.9282,24.1541,22.9953,23.436,24.043,24.5741,24.119,23.7889,23.6118,23.6379,23.1027,24.2676,22.9434,24.5136,23.7807,24.6726,24.1326,22.7537,22.5134,23.52,23.4193,23.4718,23.6587,23.3219,23.0252,23.3672,23.3517,21.1793,23.1716
23.8363,21.474,24.2157,24.3762,24.7699,22.8214,24.2179,23.139,22.867,22.9435,23.5583,22.9675,23.51,21.8539,22.7903,23.0259,23.8531,22.2592,23.7691,23.2147,22.6918,23.0892,23.2211,23.6284,23.4447,22.7953,22.0557,23.0748,22.8996,22.97,23.1564,23.3373,22.2373,23.1323,23.0144,23.7978,21.7129,23.2501,20.202,24.4478,22.771,21.8781,22.1815,23.0519,23.3357,22.6713,21.4871,21.8484,23.0015,22.6878,21.7606,24.3809,21.6078,23.7124,23.7364,24.4708,23.6448,21.2725,23.2495,24.5039,22.6737,23.206,24.4498,22.8686,23.556,21.971,23.9131,23.3015,22.9445,23.732,23.1948,23.8895,23.0042,24.2314,22.9842,23.4838,24.1125,24.4913,24.1287,24.3647,23.9075,23.653,23.1024,24.2773,23.9435,24.5453,24.0369,24.6728,24.0864,22.687,22.4685,21.5598,23.4597,21.5496,23.638,23.3263,23.0019,22.3108,23.2909,23.4158,23.1831
22.5284,22.5566,23.0212,21.5377,24.8975,22.8187,24.1915,22.1114,21.7494,21.6779,24.2511,22.9305,23.4314,23.5641,22.7228,21.6546,23.9405,25.1313,21.8401,23.0952,22.6437,23.5727,21.4669,23.7081,22.9839,24.2194,23.0031,23.0063,22.9538,23.0051,23.6624,23.2737,22.2353,22.9066,23.0526,21.7367,21.7149,23.1859,24.3284,24.5586,22.7893,23.7939,23.2363,21.9038,22.1816,23.5824,23.2225,23.3078,23.6712,22.6878,22.6493,22.6273,22.303,23.6234,23.7327,23.0766,23.8557,23.9196,23.2189,24.5953,22.6,22.1359,24.4875,22.8185,23.3215,21.514,22.0781,23.426,21.9259,23.0272,23.5895,23.9668,22.8115,24.2316,22.4545,23.5775,22.6207,24.5853,24.078,24.4864,24.5669,22.0953,23.0633,24.366,23.2375,24.5805,22.826,21.8844,22.799,21.5848,21.7245,22.6617,23.3531,22.4494,23.5368,23.2626,22.9607,23.38,23.3288,21.1192,23.0737
22.8373,23.0927,23.124,21.7819,24.6097,22.8607,24.1726,23.0473,22.4579,21.7208,24.411,22.9901,23.5495,23.4462,22.6721,22.0012,23.7089,22.2193,22.8499,23.0353,22.614,23.6538,21.5236,23.5547,23.009,24.0482,23.146,23.0988,23.4419,23.0127,23.5484,23.3989,22.1957,23.2276,22.9244,21.9116,21.6418,23.3252,21.4472,24.5043,22.6108,23.7585,23.2016,22.9894,22.6569,23.4792,23.0963,23.4543,23.5228,22.6104,20.922,23.0253,20.6594,23.8762,23.7721,23.7209,23.5524,21.2765,23.2638,24.3619,22.559,23.082,24.2494,22.7388,23.4705,21.9545,22.2239,23.2759,22.8533,24.5408,23.4754,23.9223,24.1391,24.2396,22.5676,23.5074,23.8397,24.3432,24.1026,24.4449,24.4502,22.3685,23.0249,24.178,23.3002,24.5477,23.1137,22.79,23.0422,21.9383,21.8703,23.0821,23.7085,23.2197,23.6336,23.4213,22.9851,23.2854,23.2042,21.2729,23.1159
26.6005,22.7273,24.8209,23.7707,24.277,25.4855,25.4688,24.0282,22.3465,22.4809,27.1954,22.7437,25.5311,24.1155,22.5832,23.3165,21.7048,24.6103,23.1347,26.3296,23.3516,26.4646,24.677,24.8978,24.8273,24.6009,21.8513,23.6374,23.6474,24.2307,26.3419,23.6416,27.284,26.3474,26.2272,23.3183,26.9323,25.9254,26.0904,22.6917,25.1036,26.9811,22.5611,25.9038,22.3893,22.2069,24.0771,23.4394,26.571,24.0881,24.8091,23.5752,24.679,22.9587,23.5772,26.1772,25.8466,24.3606,22.3047,24.632,22.6973,23.8695,26.1769,21.8935,23.4692,23.8142,25.3447,25.0193,25.8339,25.9308,21.8744,22.5769,24.188,22.8254,22.3008,23.2137,22.4984,24.1552,21.8568,26.6227,26.7676,23.4332,23.3915,25.3918,23.1308,24.248,26.5282,26.3501,25.6762,24.3096,26.6473,21.8132,21.4379,21.9468,22.5714,25.7398,22.708,23.992,23.8133,22.8067,24.2536
26.851,22.7976,24.9216,23.8596,24.2132,25.4691,25.6505,23.9933,22.3122,22.4281,27.0929,22.6374,25.5063,24.1506,22.5597,23.2777,21.7046,24.6863,23.098,26.2644,23.2489,26.2906,24.7458,24.8415,24.8562,24.6234,21.8643,23.5573,23.668,24.1317,26.424,23.6479,27.2228,26.3303,26.273,23.241,26.8206,25.9331,25.9391,22.7418,25.0547,26.9212,22.55,25.904,22.3421,22.165,24.0348,23.3995,26.529,24.1294,24.7902,23.515,24.6655,22.9704,23.5322,26.3438,25.9292,24.4009,22.2509,24.5616,22.6753,23.8398,26.1926,21.8096,23.4082,23.8207,25.4666,24.9654,25.7116,26.0238,21.847,22.5776,24.0932,22.8173,22.2782,23.2253,22.5605,24.0768,21.8321,26.629,26.6468,23.4053,23.3612,25.2878,23.1687,24.252,26.5437,26.2285,25.6001,24.2535,26.693,21.8856,21.4153,22.0338,22.4715,25.7916,22.6198,23.9837,23.8634,22.7424,24.2396
26.5716,22.7065,24.8481,23.7154,24.2824,25.4083,25.6729,23.9347,22.2668,22.3547,27.1131,22.6103,25.5366,24.0559,22.5894,23.3077,21.6775,24.6525,23.1151,26.3694,23.2237,26.3756,24.7212,24.7215,24.8387,24.5235,21.8615,23.7047,23.6882,24.0696,26.4434,23.6326,27.303,26.3631,26.1606,23.2737,26.901,25.9332,26.0845,22.7557,25.1434,27.002,22.581,25.8542,22.3633,22.1671,23.9894,23.4254,26.6701,24.118,24.746,23.5431,24.648,22.9135,23.5792,26.2273,25.7706,24.3999,22.1779,24.648,22.699,23.7466,26.1143,21.8894,23.5049,23.7683,25.3374,24.9849,25.625,25.9199,21.9039,22.6413,24.012,22.8555,22.3369,23.2113,22.5198,24.0588,21.7402,26.2907,26.8614,23.4348,23.3876,25.3618,23.1207,24.2982,26.5463,26.3642,25.7758,24.2784,26.6807,21.7997,21.463,21.9252,22.4817,25.88,22.6939,23.892,23.7431,22.8106,24.2329
26.8249,22.6403,24.716,23.7423,24.2153,25.3584,25.5063,23.9382,22.2822,22.4048,26.887,22.648,25.5046,24.0682,22.5461,23.2604,21.6295,24.6446,22.937,26.0825,23.3004,26.3637,24.6123,24.6962,24.7296,24.7574,21.8519,23.5613,23.5509,24.1905,26.1464,23.5289,27.0744,26.1778,26.1513,23.158,26.7048,25.8695,26.0145,22.6304,24.9942,26.866,22.554,25.7001,22.3062,22.0672,23.8608,23.39,26.3556,24.0625,24.7351,23.4902,24.6404,22.8236,23.4915,26.2964,25.8876,24.3245,22.2306,24.5421,22.6572,23.7401,26.0475,21.9588,23.4692,23.696,25.368,24.9741,25.4762,25.8398,21.8017,22.5336,24.1021,22.7214,22.2722,23.1171,22.4819,23.9485,21.8549,26.4739,26.6359,23.3415,23.3426,25.3692,23.086,24.136,26.4504,26.1691,25.6206,24.1937,26.5953,21.7938,21.4183,21.8805,22.4285,25.9173,22.6226,24.0104,23.6808,22.6392,24.1739
25.3721,22.72,24.8116,23.7534,24.2849,25.1824,25.594,23.8418,22.1567,22.7652,26.7711,23.4781,22.3149,24.0072,23.4888,23.2251,23.1178,22.5718,22.9745,26.105,23.7724,26.1508,25.4481,25.0021,24.7119,23.1759,23.0224,23.4695,23.6423,24.7507,25.4823,23.4267,25.6525,26.1118,26.1352,23.2395,26.7489,24.7131,25.9419,24.1571,25.0536,26.7771,25.8939,25.6736,22.3412,23.0922,23.8406,23.179,26.4453,24.8777,24.7509,23.5163,24.5995,22.8573,22.7833,23.5304,24.0693,23.8071,22.6199,24.6563,23.5735,23.5783,26.1984,23.1614,23.4727,23.6147,25.3309,24.9305,25.4238,25.8078,23.0601,25.7527,23.8588,24.3492,23.5156,21.8785,22.4568,22.5281,21.923,26.0934,26.7604,23.366,23.2933,22.813,23.047,24.3437,26.3551,26.1831,25.6524,24.201,26.6537,21.8112,21.4592,21.9475,22.4413,25.6546,25.8009,23.8868,23.5706,22.6985,24.201
26.3879,27.2704,29.3014,28.6286,26.6038,26.2753,26.9608,26.8759,25.1547,28.3514,28.8495,27.5694,23.2959,26.6592,27.2666,26.0955,26.0469,25.1541,27.8888,25.8031,26.7286,27.6945,25.3383,29.5069,26.0174,27.597,26.7247,24.8705,26.5306,28.3531,25.9226,24.3623,24.6547,28.3278,28.0972,28.4959,23.9904,25.6948,24.8053,25.8577,28.0091,25.9965,23.4479,24.8701,27.5581,27.2313,26.3192,25.3155,27.9844,28.2643,24.3339,26.8888,24.0333,28.532,26.5824,23.4877,26.2342,23.9315,23.5806,26.1567,27.2572,24.4533,29.0616,24.951,24.1434,25.2682,29.0697,27.1946,27.0541,27.4845,26.3062,24.6657,25.7086,25.8694,25.9356,25.1825,28.1546,27.7474,28.1391,29.2513,28.6243,27.0092,26.0748,22.4184,28.934,27.7791,26.2393,26.2348,27.079,25.5545,26.0988,27.2593,29.1547,27.3938,25.2774,23.1166,23.2093,28.8279,26.0976,28.7817,26.4883
24.5469,27.3126,29.3162,28.6315,26.5361,25.1784,26.3808,26.8881,25.23,28.6234,28.5968,28.5983,26.2734,26.5331,29.1434,26.0207,29.3329,21.9612,27.7936,25.7493,27.1946,27.6921,25.6075,29.6282,26.0396,24.2734,29.2535,24.7921,26.2691,28.9964,24.3712,24.3472,22.9724,28.4342,28.0933,28.366,23.9606,23.463,24.8198,28.3668,27.3669,25.9187,26.7813,24.7588,27.3615,28.7931,26.2894,25.368,27.0047,29.0999,24.2708,26.7518,23.9071,28.205,24.231,27.8091,23.4015,22.9342,23.7406,26.1133,28.9862,24.401,28.9349,26.6042,24.0763,25.2229,28.9557,26.8987,27.0162,27.2999,28.892,29.2576,25.7558,28.4215,27.9297,28.7103,28.1603,23.6402,28.2093,29.2614,28.5283,26.8274,25.9525,26.1357,28.7309,27.8473,26.0979,26.1438,26.8123,25.6518,26.1804,27.2076,29.1066,27.3095,25.2794,22.7441,25.7525,28.7252,25.8805,28.6463,26.6789
26.3909,27.357,29.105,28.7381,26.7232,26.2711,27.0313,26.8003,25.3368,28.1662,28.693,27.5174,23.2723,26.5166,27.2479,26.0943,25.9714,25.2554,27.8854,25.8048,26.8205,27.3677,25.3118,29.3971,26.0188,27.4414,26.6688,24.859,26.3953,28.358,25.8879,24.3553,24.6896,28.2686,28.1609,28.4489,24.0016,25.7252,24.7375,25.8566,28.0749,25.9009,23.4179,24.9143,27.5678,27.0955,26.3136,25.3476,27.9986,28.2962,24.2076,26.961,24.0742,28.573,26.7321,23.4576,26.2318,23.8856,23.6139,26.2906,27.2383,24.4479,29.0337,24.8508,24.185,25.1937,29.0093,27.1311,26.9259,27.5467,26.202,24.6306,25.631,25.8844,25.8989,25.1339,28.1751,27.8032,28.1413,29.2541,28.4705,26.8951,25.9992,22.415,28.8723,27.682,26.0468,26.2033,26.9283,25.7804,25.9831,27.3074,29.13,27.4315,25.3941,23.1204,23.1896,28.7505,26.0631,28.7202,26.466
25.8721,27.425,28.7546,28.4967,26.175,26.0791,26.5811,26.4946,25.181,27.9755,28.5734,27.4055,23.17,26.4546,26.9018,25.8653,25.7749,25.1251,27.5571,25.4628,26.5689,27.4512,25.2339,29.0956,25.7247,27.4124,26.5695,24.5176,26.0749,27.8684,25.5848,24.1497,24.4253,28.1813,27.6071,28.1305,23.8159,25.4572,24.6644,25.6017,27.3456,25.5269,23.3308,24.7931,27.2534,27.2139,26.0013,25.2885,27.3945,27.8011,24.0168,26.4271,23.9948,27.998,26.2019,23.3664,26.1302,23.9206,23.4926,25.7735,26.9252,24.3647,28.541,24.7423,24.0984,25.2482,28.6438,26.7107,27.0388,27.2589,26.1869,24.5898,25.5505,25.7656,25.948,25.024,28.0996,27.3921,27.7968,29.0041,28.0886,26.4302,25.8594,22.3777,28.686,27.733,25.7465,25.8673,26.38,25.5371,25.9729,27.2507,28.8567,27.306,25.2885,23.0451,23.0737,28.6476,25.7101,28.5243,26.2404
24.4657,26.9841,29.1945,28.1103,26.4838,25.0977,26.1695,26.5051,24.9566,28.6676,28.4035,28.3948,26.1377,26.1238,29.0688,25.9299,29.1167,21.7537,27.5663,25.7139,27.3641,27.2265,25.4481,28.8371,25.7311,24.0583,28.6283,24.8109,26.3684,29.1589,24.2755,24.1624,22.9312,27.9271,27.8471,27.8656,23.9554,23.485,24.7051,28.3224,27.2474,25.639,26.589,24.4398,27.1962,28.1016,26.2093,25.0886,26.7997,28.9144,24.1972,26.6199,23.7251,28.0112,24.0589,27.2788,23.1536,22.6877,23.8079,26.0657,28.8908,24.2043,28.5026,26.4908,23.9169,24.7904,29.0983,26.8089,26.6843,26.8729,28.5626,28.5152,25.6637,28.2092,27.5815,27.7491,27.6334,23.6365,28.2169,28.6992,28.4428,26.6492,25.7508,25.7777,28.2815,27.4624,26.1043,26.164,26.9116,25.2814,25.7408,26.8236,28.5648,26.9902,25.0067,22.6274,25.7419,28.4064,25.9212,28.0338,26.4519
