14.2346,13.0402,12.8604,13.1096,15.3619,16.6913,15.9705,14.1101,13.8926,15.2847,14.3521,19.2854,17.346,13.8902,17.0719,14.252,17.2499,14.0081,13.1375,13.6548,16.7752,14.2283,14.2234,17.4179,14.173,15.1067,15.2712,14.8564,12.8389,17.0571,15.2484,15.311,15.8848,13.7841,15.5654,13.2725,14.9934,16.9098,12.4198,17.0885,16.4231,13.6184,14.6908,13.1744,13.7434,15.4402,13.9079,13.7053,14.0801,17.1447,12.6778,14.2166,12.7814,15.6644,16.8111,13.9932,16.8935,14.3752,16.5289,15.3584,17.0769,14.0196,17.1028,15.6601,13.5763,13.7289,13.002,15.3908,13.6105,12.8166,14.543,18.2099,13.0863,16.9284,14.6562,17.0777,13.6391,16.9022,17.3543,13.8279,13.978,13.9592,15.5345,15.961,14.2177,16.6235,12.9639,12.4329,14.8914,13.5926,13.7812,12.6504,16.3703,13.0806,15.8126,15.9254,16.2712,14.5413,15.7904,13.2792,14.9033
17.5177,16.5938,16.5184,17.3605,17.409,16.9262,17.0117,16.934,17.0091,17.3375,16.9337,18.1535,17.1469,17.2658,17.4221,16.8111,17.3016,17.1414,16.6755,17.0065,17.6756,17.2134,16.9853,17.9818,17.0321,16.9406,17.0617,17.605,16.8054,17.4047,17.119,17.3379,17.3575,17.1622,17.2379,16.6791,17.9551,16.9374,16.8879,17.115,16.9274,16.9547,16.9412,17.4813,17.0061,17.4935,16.8652,16.9048,16.677,17.6562,16.6273,16.7479,16.8643,17.2108,16.9937,17.5152,16.85,17.1018,18.1873,17.4065,17.4259,17.12,17.6383,17.4204,17.7871,17.299,16.9542,17.3566,17.3405,16.7356,17.0711,17.4828,16.6537,17.0633,17.5383,17.1102,17.1186,17.1454,17.2819,16.9593,16.8878,16.8994,17.2998,17.3578,16.6734,17.9117,16.7452,17.4484,17.307,17.0351,17.772,16.6287,17.0305,16.6575,17.1536,17.5502,17.6066,17.2226,17.565,16.7374,17.1737
18.1636,17.4103,17.3164,18.2463,18.0584,17.3757,17.4533,17.4588,17.5565,17.9988,17.572,18.9675,17.6937,18.2348,17.9318,17.3278,17.8312,17.7842,17.4386,17.9187,18.3903,18.1142,17.5338,18.6467,17.7989,17.5849,17.6937,18.4295,17.5119,17.8614,17.7662,17.9375,17.9215,17.9762,17.7536,17.4042,18.7157,17.4029,17.8357,17.5952,17.33,17.7221,17.6297,18.5273,17.4864,18.319,17.3402,17.6026,17.2717,18.1818,17.3871,17.2986,17.5224,17.8155,17.4877,18.302,17.336,17.6825,18.9952,18.0494,17.9364,17.6476,18.1421,18.1617,18.645,17.8372,17.5921,18.025,18.1337,17.6461,17.9152,18.0942,17.3501,17.5442,18.2362,17.539,17.6983,17.5918,17.7593,17.465,17.5053,17.4015,17.7548,18.036,17.3095,18.6277,17.4375,18.2419,18.0742,17.5074,18.5117,17.4322,17.3907,17.4838,17.5618,18.1895,18.3037,18.0735,18.1525,17.4701,17.8232
18.0727,17.3788,17.3188,18.1366,18.0675,17.3825,17.4623,17.4064,17.5234,17.9968,17.5657,18.9632,17.7076,18.2224,17.9458,17.3239,17.8383,17.7351,17.4127,17.9222,18.3822,18.1138,17.5162,18.6492,17.7939,17.5903,17.7045,18.4519,17.4677,17.8548,17.788,17.9336,17.9264,17.9844,17.7642,17.4081,18.7183,17.4107,17.7557,17.5967,17.3415,17.6866,17.6019,18.5138,17.4781,18.3337,17.3197,17.5804,17.2646,18.1958,17.3065,17.2933,17.4649,17.8374,17.5132,18.2862,17.3392,17.6366,18.9928,18.0576,17.9506,17.6034,18.1514,18.1715,18.5755,17.8169,17.4987,18.0281,18.0922,17.6245,17.906,18.0877,17.2798,17.5459,18.1393,17.5461,17.7032,17.6023,17.7535,17.4588,17.4878,17.3596,17.7604,18.05,17.3266,18.6262,17.3839,18.128,18.0332,17.4875,18.4,17.4096,17.4162,17.4407,17.5695,18.2014,18.3178,18.1019,18.1619,17.4788,17.8091
18.1966,17.4417,17.3468,18.2864,18.0864,17.3898,17.4682,17.4499,17.5753,17.9982,17.5965,18.9608,17.7195,18.2724,17.9531,17.3457,17.8622,17.7766,17.4791,17.9406,18.3964,18.1405,17.5443,18.6337,17.7834,17.6037,17.711,18.4561,17.5143,17.8658,17.8135,17.933,17.9497,18.0201,17.7667,17.4601,18.7372,17.4189,17.8617,17.6014,17.3583,17.7488,17.6355,18.5103,17.496,18.3866,17.3503,17.611,17.3,18.2059,17.3859,17.3203,17.5222,17.8297,17.5157,18.3096,17.3565,17.693,18.9851,18.0745,17.9578,17.6387,18.1607,18.1958,18.631,17.8402,17.5953,18.0593,18.1279,17.6498,17.9444,18.1122,17.3416,17.5515,18.2453,17.5556,17.695,17.6148,17.7607,17.4598,17.5266,17.414,17.7753,18.0473,17.3406,18.6459,17.4575,18.2547,18.0845,17.5253,18.5157,17.4676,17.4069,17.5168,17.5865,18.2141,18.3057,18.1234,18.1867,17.5145,17.84
10.6802,10.6238,10.7139,10.6859,10.6509,10.7316,10.7641,10.5631,10.6612,10.6868,10.7995,10.7195,10.7377,10.7655,10.7822,10.5526,10.7915,10.6558,10.5611,10.7998,10.7157,10.8959,10.6232,10.7395,10.6784,10.7797,10.7917,10.7304,10.4897,10.7008,10.8212,10.7161,10.8564,10.7525,10.697,10.7466,10.918,10.7744,10.6008,10.673,10.6904,10.6329,10.611,10.7126,10.6083,10.8018,10.6793,10.6116,10.6582,10.7135,10.5508,10.5796,10.5973,10.6029,10.7315,10.6868,10.7408,10.6403,10.7159,10.6211,10.7829,10.5773,10.7683,10.8236,10.7002,10.5996,10.6979,10.6964,10.5701,10.6728,10.7709,10.6849,10.4972,10.6571,10.771,10.7198,10.7266,10.7417,10.7603,10.6788,10.7482,10.6742,10.8023,10.7433,10.6749,10.7483,10.6479,10.5883,10.5578,10.6828,10.7598,10.6377,10.6422,10.5544,10.7394,10.7268,10.6802,10.6881,10.7523,10.7084,10.6947
14.4816,12.8337,12.3665,13.1546,12.3355,13.3101,12.4826,12.9535,12.6926,13.5081,11.8183,14.7975,13.8123,11.8718,13.1405,13.0412,13.5061,14.2034,13.5098,12.0868,12.7467,11.8357,14.0566,13.2256,12.0896,13.3189,13.5572,11.6471,13.7762,13.066,12.9448,11.723,13.0911,12.4881,11.7941,12.7011,12.077,13.5403,13.5353,13.4089,12.7477,12.2155,14.1409,12.9109,13.0838,13.7032,12.7521,12.2824,13.2261,12.988,13.9842,13.2801,13.7375,12.1144,13.3597,14.3957,13.6331,14.0333,12.8943,12.3434,13.1544,13.0722,13.0178,12.8219,12.6162,13.1983,13.5242,12.4198,13.1182,13.6338,13.3308,14.8618,13.7569,13.6741,14.7454,13.0491,13.5784,13.1029,13.5124,12.3078,12.0317,12.6594,12.4316,12.8519,12.4087,13.0064,13.0922,13.9326,14.4292,12.471,13.1323,12.7291,12.641,12.8435,12.3833,12.3194,12.9258,12.2305,12.1446,12.664,13.0418
19.0596,18.3125,18.5647,19.047,18.2841,18.8657,18.5478,18.2429,18.0653,18.6025,18.4655,18.0411,18.556,18.6879,18.1739,18.2163,18.3815,18.538,18.154,18.6196,18.0742,19.3088,18.0347,18.0716,18.3611,19.2144,18.8045,18.0298,18.1378,18.2188,19.069,18.182,18.8988,19.0003,18.0847,18.5855,18.7086,18.9472,18.2955,18.4221,18.5576,18.1067,18.206,18.5884,18.1739,18.4947,18.2767,17.9951,18.4845,18.0955,18.167,18.3086,18.0369,18.1808,18.9752,18.6703,18.983,18.4247,18.0732,18.4297,18.175,18.2411,18.0472,18.2165,18.3104,18.2583,18.7333,18.7747,18.3481,18.3241,18.229,18.213,18.1294,18.4302,18.3127,18.5382,18.7605,18.782,18.5458,18.2285,18.231,18.5383,18.7268,18.2558,18.6157,18.1393,18.2448,18.6039,18.0176,18.1166,18.7651,18.2874,18.722,18.3563,18.4066,18.2925,18.3427,18.4097,18.653,18.7984,18.4323
19.1846,18.3318,18.5872,19.0625,18.377,19.3201,18.6265,18.1104,18.0019,18.7096,18.3639,18.2322,18.9035,18.677,18.1341,18.1132,18.307,18.664,18.147,18.6097,18.0844,19.2995,18.1263,18.0742,18.3047,19.3416,18.9005,17.9548,18.1356,18.1691,19.2643,17.9958,19.0313,18.9841,17.8916,18.5752,18.6477,19.3811,18.3038,18.8043,18.5065,18.026,18.3223,18.564,18.0735,18.5796,18.116,17.9759,18.6121,18.0674,18.1733,18.1922,18.0292,17.9986,19.0199,18.8473,19.3612,18.6126,18.1165,18.5332,18.1339,18.1474,18.0164,18.3201,18.2749,18.1507,18.7475,18.9001,18.243,18.3286,18.3617,18.4219,18.1504,18.7733,18.4329,18.5096,18.598,18.7441,18.4412,18.1421,18.1288,18.3479,18.5341,18.3179,18.4766,18.1841,18.2444,18.6065,18.1196,18.0493,18.7529,18.3047,18.4378,18.3772,18.5263,18.4511,18.407,18.3112,18.415,18.7853,18.4508
19.1038,18.3451,18.5997,19.0825,18.3216,18.8859,18.5629,18.261,18.0827,18.6107,18.4981,18.0364,18.5829,18.729,18.1935,18.2414,18.412,18.543,18.1909,18.6596,18.072,19.3454,18.0411,18.0965,18.3894,19.2679,18.8443,18.0678,18.1677,18.2218,19.1137,18.2108,18.933,19.0309,18.1058,18.6121,18.7551,18.9689,18.3036,18.4313,18.6032,18.116,18.2232,18.6101,18.2046,18.5308,18.3035,18.0226,18.5208,18.1127,18.1722,18.3414,18.0452,18.2099,19.0107,18.7204,19.0349,18.4328,18.0703,18.4688,18.1953,18.2632,18.0586,18.2498,18.3302,18.2887,18.7481,18.8161,18.378,18.3401,18.2606,18.2067,18.143,18.4309,18.3287,18.5537,18.7891,18.8122,18.555,18.2596,18.2644,18.5443,18.7673,18.3059,18.6481,18.1484,18.2476,18.6036,18.0337,18.1336,18.7924,18.3228,18.7467,18.3804,18.4386,18.3097,18.3815,18.4518,18.6741,18.8254,18.457
9.09532,9.1614,9.07552,9.07479,9.036,9.18202,9.15993,9.13362,9.10052,9.12288,9.0679,9.10496,9.14819,9.04938,9.16604,9.07032,9.23778,9.12968,9.05437,9.04561,9.15007,9.10874,9.09803,9.06693,9.02453,9.09694,9.09057,9.05197,9.08779,9.16817,9.11105,9.11446,9.11829,9.07897,9.17075,9.06016,9.02242,9.19868,9.11811,9.15798,9.11963,9.11646,9.09033,9.11035,9.11457,9.09835,9.15097,9.07295,9.07476,9.18681,9.07703,9.06382,9.12514,9.05976,9.12052,9.17077,9.14831,9.13097,9.07062,9.03951,9.16708,9.09139,9.15129,9.11415,9.07354,9.07455,9.07037,9.05071,9.14908,9.19984,9.17484,9.10812,9.08392,9.1489,9.10772,9.14191,9.16116,9.16901,9.12011,9.04822,9.11359,9.15881,9.08109,9.03871,9.09294,9.08976,9.11313,9.16928,9.15742,9.1642,9.04389,9.10826,9.08088,9.10718,9.13059,9.09673,9.05292,9.08149,9.12676,9.11478,9.10981
9.9411,9.44862,9.42735,9.54309,9.90933,10.1621,10.0156,9.73751,9.60088,9.85755,9.75729,10.1633,10.1571,9.55782,10.0713,9.72381,10.2199,9.83026,9.37545,9.53028,10.1319,9.56878,9.80793,10.0615,9.63796,9.88415,9.86548,9.83347,9.38329,10.1673,9.8644,9.97684,9.88537,9.45166,9.96258,9.4082,9.57154,10.1871,9.45633,10.2117,10.1385,9.65575,9.77128,9.58124,9.7294,9.80631,9.74239,9.58613,9.79145,10.0722,9.41599,9.74886,9.42891,9.95622,10.1907,9.9284,10.2377,9.82915,10.0138,9.90372,10.0739,9.71076,10.0329,9.93734,9.56315,9.74606,9.48315,9.87773,9.82738,9.50404,9.84855,10.1935,9.36576,10.2024,9.85869,10.1679,9.84772,10.1467,10.176,9.66401,9.70858,9.79528,9.80214,9.96351,9.76225,10.0172,9.40203,9.55404,9.8431,9.64111,9.57959,9.45293,10.079,9.44597,9.97338,9.92532,9.97178,9.66181,9.93594,9.43918,9.81057
15.1639,16.2854,16.258,15.8715,15.1566,14.8245,15.0917,15.435,15.6938,15.1408,15.6467,14.1049,14.6453,15.8717,14.6315,15.5445,14.7776,15.1597,15.9121,15.8579,14.727,16.111,15.1371,14.5138,15.8297,15.3977,15.1509,15.4638,16.0126,14.583,15.4226,15.3192,15.1122,16.0999,15.3036,16.2503,15.6188,14.7326,16.0196,14.6904,14.8648,15.7025,15.2882,15.6743,15.4958,15.0921,15.7045,16.006,15.4869,14.7086,16.1234,15.5054,16.1421,14.9359,14.6869,15.2677,14.723,15.1253,14.6816,15.176,14.63,15.3651,14.6515,15.1221,15.6908,15.3006,15.997,15.222,15.3459,16.1669,15.343,14.2622,16.118,14.6932,14.8799,14.6714,15.3159,14.8184,14.3877,15.6165,15.6397,15.5912,15.2284,14.9924,15.4258,14.7267,16.3614,16.1144,15.1596,15.9348,15.6433,16.0368,14.8048,16.0289,15.247,15.1297,14.9775,15.6487,15.2826,16.3644,15.349
20.1402,20.0314,19.9054,20.0565,19.8183,19.8922,19.859,20.1386,20.1623,19.8971,20.1884,19.4821,19.9363,20.0848,19.7557,20.3641,19.8707,19.9863,19.8367,19.8728,19.9939,19.708,19.8515,19.7079,20.1188,19.9077,19.8843,20.0206,20.0493,19.9055,19.9812,20.3063,19.8001,19.7747,20.1477,19.9469,20.0225,19.7342,20.001,19.8575,19.9081,20.0297,20.0143,20.0004,19.9104,19.7585,20.2382,20.2667,19.8313,19.839,20.1771,20.388,20.2768,20.0119,19.9493,20.3949,19.7364,19.9023,19.754,19.8446,19.767,20.1083,19.6812,20.0925,20.052,20.0716,20.1397,19.7935,20.0444,20.2381,19.9682,19.6872,20.1732,19.9448,19.8105,20.0948,20.4965,20.0962,19.7773,19.9302,19.9254,20.2394,20.2077,19.9043,20.0815,19.8308,20.0627,20.3558,20.0684,19.9776,20.1154,20.0327,20.3535,20.0926,20.0918,19.9558,19.9216,20.0485,19.8373,20.1958,19.995
20.323,20.0395,19.9627,19.9782,20.1082,20.4468,20.0248,19.8545,20.002,20.0521,19.9385,19.7629,20.3738,20.0633,19.7035,20.0151,20.2849,20.1843,19.8552,19.8932,19.9907,19.662,19.9905,19.6343,19.9679,20.164,20.0263,19.7868,20.0584,19.8111,20.2516,19.9392,20.0573,19.7985,19.7852,20.0025,19.9581,20.2252,19.9927,20.3284,19.998,19.8566,20.2483,19.8621,19.6179,19.9664,19.9938,20.1325,20.1638,19.808,20.0595,20.0057,20.2269,19.5423,19.8321,20.4655,20.2692,20.0375,19.7881,20.1445,19.7123,19.831,19.649,20.1961,19.9619,19.7708,20.0145,20.123,19.7504,20.1583,20.1983,20.0202,20.1081,20.4841,19.8453,19.9772,19.9973,20.0695,19.623,19.7431,19.7858,19.9592,19.8391,20.0648,19.781,19.8967,20.0854,20.2824,20.2199,19.8396,19.9601,20.0621,19.6796,20.093,20.3386,20.1054,20.0606,19.8757,20.0199,20.2548,19.9975
14.4374,14.62,14.7823,14.27,15.5733,15.4353,15.8619,15.4651,15.4501,14.9328,15.1209,15.1388,15.2644,15.0283,15.5032,15.3629,15.3585,14.4601,14.6093,15.1943,15.5759,14.9822,14.9546,15.3284,14.9428,15.2821,15.0352,15.4315,14.6198,15.7862,15.0552,15.923,15.1071,14.8958,15.9924,14.8021,15.4745,15.3208,14.4814,15.2656,15.7025,15.5018,14.5849,14.6479,15.2467,14.9836,15.3843,14.8203,15.2851,15.7611,14.4914,15.4075,14.5415,15.9823,15.5489,14.3411,15.4068,14.5918,15.4015,15.5363,15.5059,15.3056,15.4385,15.0817,15.1986,14.8398,14.3034,15.5059,15.0081,14.6099,15.1735,15.2874,14.5999,15.085,14.6366,15.3171,14.8208,15.6671,15.5293,14.9766,15.6609,15.5821,15.4575,15.3822,15.2599,15.5728,15.1066,14.4328,14.9307,15.3778,14.5819,14.6152,15.7637,14.7172,15.8412,15.739,15.2527,15.3272,15.6112,14.6818,15.1608
19.4474,19.5177,19.4701,19.9841,18.695,18.2129,18.8972,20.2418,19.5021,19.3699,19.5931,19.6433,18.653,19.0278,19.5042,19.2633,19.0308,19.0887,19.9678,19.2437,20.0609,19.7798,19.1938,19.1929,19.4792,19.3443,19.4139,19.2428,19.9162,20.0717,18.9705,19.6952,18.9593,19.8844,19.5039,19.7091,19.2262,18.5372,19.2487,18.8163,18.9513,19.48,19.24,19.1709,19.7198,19.7264,19.1184,19.1614,18.619,19.6077,19.4012,19.1363,18.9646,19.9612,19.015,19.557,18.5076,19.3967,19.6128,18.7195,19.493,20.2549,19.1895,19.7666,19.4073,19.7757,20.1087,18.8567,19.9301,19.3366,19.7473,19.8023,19.502,18.8473,20.4158,19.2624,19.519,19.0924,19.3778,19.1056,19.2624,19.2889,19.2208,18.8441,19.2194,19.5679,18.974,19.5763,19.4614,19.8293,19.9421,19.6457,19.4022,19.8795,18.7584,18.6882,19.0025,19.7051,18.6397,19.3484,19.3671
20.9,20.4069,20.6846,20.8447,19.9789,20.1874,20.4239,20.9599,20.2169,20.3768,20.4983,20.3437,20.2345,19.8,20.6075,20.4261,20.8036,20.3445,20.9158,20.0608,20.7461,20.6277,20.3146,20.0021,20.6182,21.0945,20.6854,19.7554,20.9051,20.9406,20.5849,20.5148,20.2103,21.1285,20.4329,21.1319,19.824,20.4682,20.3754,20.3856,20.351,20.6761,20.2705,20.0276,20.9471,20.7772,20.1424,20.1024,20.0687,20.6594,20.1379,20.1627,19.9583,21.1039,20.479,20.8325,20.3845,20.6664,20.2128,20.0909,20.5985,21.3033,20.0537,20.6124,20.1852,20.7925,21.2124,20.1533,20.9768,20.4479,20.8036,20.7584,20.3808,20.3457,21.108,20.2545,20.4839,20.2247,19.977,20.2942,20.18,20.4239,20.118,19.7408,20.1744,20.2231,20.2854,20.6536,20.1281,20.8355,20.546,20.5613,20.7034,20.7289,20.1549,19.8494,19.8142,20.6854,20.0688,20.7141,20.4537
20.9323,20.418,20.6898,20.8471,20.131,20.151,20.0998,20.7459,20.7525,20.4375,20.2938,20.3834,20.1992,19.9456,20.4398,20.4217,20.7381,20.3499,20.9516,20.2424,20.2588,20.804,20.3146,19.8958,20.2531,21.1258,20.696,20.3232,20.8728,20.768,20.6261,20.5865,20.3771,21.1938,19.8464,21.1476,20.133,20.4322,20.3838,20.4036,20.2031,20.3246,20.2678,20.1656,20.9204,20.8105,20.0512,20.2977,20.0636,20.4573,20.1354,20.1322,19.9713,20.7037,20.4426,20.8539,20.4134,20.6517,20.6167,20.2123,20.4363,21.1587,19.8464,20.7193,20.4407,20.7182,21.2383,20.2145,20.8379,20.4534,20.8481,20.7608,20.427,20.3837,21.1394,20.1641,20.4731,20.1282,19.9958,20.1154,19.937,20.3532,20.2024,19.9762,20.1492,20.5739,20.299,20.6493,20.1605,20.2641,20.7325,20.5366,20.6243,20.7424,20.5943,20.0548,19.9971,20.3738,20.191,20.7311,20.4495
20.9455,20.4304,20.6927,20.8498,20.007,20.1594,20.4872,21.0122,20.3058,20.455,20.5196,20.4174,20.2134,19.7923,20.5674,20.4369,20.7908,20.375,20.9119,20.1108,20.7861,20.6362,20.3534,20.0724,20.7089,21.1145,20.6864,19.8309,20.8888,20.9856,20.6259,20.5964,20.2758,21.076,20.4397,21.1408,19.8819,20.4376,20.4233,20.4193,20.3924,20.7244,20.2603,20.077,20.9903,20.8235,20.0918,20.1511,20.1041,20.6864,20.2022,20.1812,20.0174,21.1177,20.5209,20.8495,20.4172,20.7148,20.2651,20.1276,20.5585,21.3668,20.0978,20.6172,20.2529,20.8241,21.299,20.204,21.0317,20.482,20.8737,20.8412,20.4481,20.375,21.2182,20.2716,20.55,20.1632,20.0574,20.3563,20.2326,20.4699,20.1551,19.7536,20.2159,20.2759,20.3012,20.6988,20.1461,20.928,20.6085,20.5449,20.7321,20.7438,20.2294,19.8473,19.8164,20.691,20.0419,20.7122,20.4861
10.3597,10.1185,10.2282,10.1757,10.4824,10.2808,10.3243,10.3532,10.2303,10.2803,10.3347,10.5509,10.3246,10.215,10.4356,10.3864,10.4411,10.3416,10.0874,10.2776,10.387,10.1737,10.2754,10.5561,10.3108,10.2337,10.2617,10.267,10.0593,10.5288,10.2144,10.3822,10.1744,10.2506,10.4457,10.0543,10.1871,10.2483,10.2327,10.3935,10.3919,10.2044,10.1809,10.2976,10.2817,10.2814,10.1969,10.0724,10.2302,10.6057,10.2748,10.3886,10.2164,10.3838,10.4168,10.2995,10.3154,10.1503,10.3985,10.4816,10.4381,10.3501,10.4878,10.3057,10.2575,10.2958,10.1372,10.4191,10.4939,10.2363,10.2464,10.4404,10.063,10.4015,10.3372,10.3011,10.3465,10.4983,10.4684,10.3311,10.2171,10.3119,10.2845,10.4257,10.4055,10.3273,10.164,10.2423,10.3417,10.2125,10.2351,10.0967,10.4935,10.1051,10.3755,10.2002,10.4276,10.1802,10.3971,10.0369,10.3027
13.4266,13.4221,14.0243,13.4188,13.6207,13.776,13.7761,13.784,13.2478,13.435,13.7777,13.4099,13.5348,13.7647,13.5687,13.4854,13.6051,13.2409,13.2656,13.7452,13.4518,13.3565,13.4217,13.4616,13.7678,13.6348,13.3665,13.5775,13.3362,13.687,13.4703,13.7876,13.3641,13.7061,13.8583,13.594,13.1913,13.7755,13.2673,13.4112,13.629,13.2677,13.4241,13.206,13.1661,13.3515,13.7003,13.4843,13.5877,13.8451,13.5805,13.518,13.0729,13.3803,13.6134,13.0748,13.6428,13.4956,13.4493,13.6259,13.5679,13.4002,13.5708,13.434,13.1336,13.3009,13.5534,13.4102,13.4975,13.2595,13.2584,13.1899,13.4817,13.4533,13.252,13.4124,13.2783,13.8996,13.5823,13.7852,13.5641,13.3834,13.3568,13.5728,13.9725,13.2845,13.3222,13.0955,13.3945,13.2623,13.2589,13.3945,13.6105,13.451,13.5674,13.5939,13.4909,13.3841,13.8122,13.5556,13.4898
21.3988,21.451,21.7001,21.7631,21.0154,20.7403,21.0464,21.732,20.9322,21.3745,20.9989,21.3343,20.5061,21.7292,20.4213,20.8472,20.6607,21.2438,21.1771,21.5741,20.9039,21.2197,21.3846,21.3704,21.135,20.9589,20.6998,20.8727,21.6213,21.6683,20.7239,21.683,21.1783,21.4747,21.2637,21.3375,21.4148,20.8002,21.8129,20.3531,20.7129,21.1752,20.8182,21.6609,21.1805,21.2971,21.2788,21.3633,20.9881,21.5401,20.9989,20.8682,20.868,21.1323,21.3323,20.8181,20.6786,21.3297,21.5296,20.9835,20.4053,21.5137,21.8246,20.6523,21.889,21.3603,21.767,20.8673,22.0366,21.7329,20.586,20.913,21.4469,20.3549,20.8764,20.6934,21.5327,21.2793,21.3083,21.6001,21.3182,20.8908,21.537,21.0812,21.637,21.5385,20.9351,21.1471,21.2071,21.0031,21.8748,21.5189,21.5322,21.4894,20.7427,20.9759,21.2238,21.2378,21.6192,21.404,21.2063
21.6047,21.4936,21.8122,21.823,21.0811,20.9683,21.0949,21.7763,20.8966,20.6651,21.0366,19.8909,21.1032,21.786,20.8518,20.923,21.35,21.7081,21.1809,21.6855,20.2538,21.2629,20.5347,20.5397,21.1503,21.1962,21.3442,20.8506,21.6268,20.8994,20.9376,21.6976,21.4861,21.5045,21.2282,21.352,21.4774,21.16,21.7758,20.6388,20.7855,21.1558,21.3762,21.6627,21.2785,20.3579,21.3109,21.3847,21.1043,20.6514,20.9982,20.9295,20.8927,21.2328,21.621,21.2143,20.9684,21.5328,20.7825,21.0492,20.8371,21.5752,20.8093,21.1124,21.88,21.4389,21.7385,20.919,22.0916,21.803,21.0679,20.6778,21.505,20.6796,21.3556,20.9514,21.5571,21.6939,20.6172,21.5838,21.3848,20.8661,21.6031,21.5198,21.7389,20.7106,20.9054,21.1275,20.3391,20.9775,21.865,21.5804,21.6223,21.5239,20.8407,21.1139,21.8325,21.2733,21.7255,21.4078,21.2179
21.389,21.5696,21.8856,21.8738,21.0471,20.8443,21.0166,21.727,20.9241,21.3721,21.0627,21.3408,20.6041,21.8408,20.4164,20.8723,20.7246,21.2732,21.2153,21.7132,20.8902,21.2377,21.4193,21.4166,21.2109,20.9794,20.7697,20.811,21.7412,21.6641,20.7971,21.7227,21.2638,21.5569,21.2417,21.3959,21.517,20.9076,21.803,20.416,20.7399,21.1311,20.8804,21.7024,21.1655,21.3434,21.2976,21.3591,21.0095,21.5676,20.9791,20.9021,20.9615,21.1233,21.3427,20.8566,20.7048,21.4502,21.5036,21.0179,20.4002,21.5674,21.7682,20.6278,21.9475,21.31,21.7308,20.8841,22.0357,21.8647,20.6383,20.9266,21.4903,20.3988,20.867,20.7351,21.5738,21.2971,21.3174,21.6727,21.378,20.9005,21.6339,21.1648,21.8036,21.5568,20.9524,21.172,21.2628,20.9789,21.8358,21.6672,21.5383,21.6007,20.7779,21.1153,21.3148,21.2543,21.7134,21.467,21.2465
9.09177,9.03423,9.1257,9.00232,9.13465,9.36262,9.01037,9.00167,8.71144,8.77705,9.02728,8.4291,9.14018,9.17767,9.00311,9.1478,9.05061,8.84437,9.11526,8.93754,8.46947,8.9748,8.74292,8.73385,8.91337,9.34262,8.94358,8.77959,8.99671,8.73185,9.06625,8.93757,8.99654,9.25514,9.03958,9.34286,8.78832,9.29857,8.77358,8.82945,9.33148,8.82781,8.96985,8.84689,9.08328,8.90599,9.21921,8.94283,9.24035,8.93156,8.72271,9.09667,8.79532,9.016,9.17573,8.87224,9.28048,8.83477,8.57713,9.1536,9.00147,8.88154,8.85988,8.78813,8.79844,8.92791,8.93356,9.05712,8.86274,8.84388,8.74693,8.61858,8.89806,8.79425,8.5725,9.01499,8.86294,9.24441,8.727,8.94363,8.99123,9.19022,8.99583,9.00052,9.17311,8.58472,9.02866,8.813,8.72657,8.75713,8.76959,9.04688,9.19883,9.00983,8.87437,9.07631,8.874,9.02187,9.12119,9.34019,8.95877
11.0564,10.909,10.7501,11.038,10.9377,10.9792,10.8606,10.87,10.7506,10.8041,10.9525,10.5798,10.7835,11.0799,10.8223,10.8649,10.7062,10.8004,10.9589,10.7936,10.6416,10.8303,10.727,10.7256,10.8982,11.0549,10.8851,11.0005,10.768,10.7679,10.9246,11.0621,10.8435,10.9781,11.0183,11.0533,10.7839,10.9404,10.6568,10.6104,11.0112,10.7158,10.6268,10.9014,10.8634,10.8312,10.7662,10.9651,10.7931,10.8661,10.549,10.7675,10.7182,10.9063,10.8254,10.9517,10.9329,10.7686,10.753,10.9498,10.8239,10.8499,10.8527,10.7778,10.8947,10.8286,10.6627,10.791,10.8127,10.7083,10.5078,10.6704,10.6768,10.619,10.4463,10.8048,10.7732,10.8726,10.722,10.724,10.8061,10.978,10.8925,10.9633,10.8371,10.8455,10.7336,10.7638,10.6663,10.7616,10.7638,10.903,10.8789,10.9335,10.8269,10.9612,10.8217,10.9905,10.9036,11.0744,10.8305
16.0513,16.1951,16.4485,15.9881,15.8713,15.9601,15.3584,16.1044,15.7609,16.5214,16.0285,16.278,15.9329,16.3169,15.7098,16.1571,15.4633,15.682,16.3444,16.3046,15.6051,16.1199,16.5809,16.2734,16.1181,16.5426,16.0188,15.76,16.3737,15.8413,16.0963,15.8407,16.0637,16.4441,15.7653,16.675,16.1685,15.8808,15.9346,15.5298,15.7569,15.9752,16.0659,15.9065,16.1643,15.727,16.1548,16.2411,16.5965,16.1626,16.0822,15.987,15.9289,15.7551,15.9027,15.8703,15.8858,15.8056,16.0384,15.8965,15.7049,16.0582,16.1817,15.829,16.2158,15.7935,16.412,15.8583,15.8613,15.9821,15.8006,16.0106,16.4739,15.4659,15.6939,15.9143,15.4744,15.9538,15.9215,16.2258,16.1883,16.0914,15.7833,16.3254,16.0438,16.2738,16.5163,16.006,16.4141,15.8373,16.1132,16.2529,15.6679,16.1347,15.3508,16.3585,16.1509,15.8288,16.0373,16.6144,16.0283
23.7374,22.8108,22.6702,23.7869,23.2204,23.2271,22.3852,22.9963,22.2861,23.6473,23.3039,23.5576,22.9113,23.9673,22.996,22.3048,22.357,24.0663,22.8946,22.6126,22.4899,22.2693,22.427,24.1591,23.0615,23.5565,22.7513,23.3034,21.9815,23.3304,23.3204,23.4904,23.2234,23.0451,23.1474,24.0526,22.8755,23.2689,22.8215,22.4331,22.953,21.8314,22.3202,24.2708,22.4637,22.7107,21.7421,22.5332,22.7211,23.9165,22.7391,22.1631,22.784,22.7231,23.3915,23.4979,23.2774,24.1985,23.1855,23.2443,22.9969,23.0199,24.0959,23.4622,22.7954,24.1986,23.9994,22.2494,24.4892,22.9514,22.0144,23.2715,22.2252,22.3597,23.2843,22.7938,23.2209,22.9992,23.1808,22.6661,22.7468,22.3922,22.5709,23.85,23.4025,23.8642,21.8897,22.9027,22.9259,22.1611,22.6178,22.5927,22.6348,22.8556,22.6423,23.9608,23.3597,22.5754,23.1898,24.0096,23.0283
22.9996,23.6894,22.7731,23.0857,23.1884,23.3673,22.3589,23.8312,23.1374,23.7202,23.2708,23.5442,23.0282,23.9172,23.0804,22.8302,22.437,22.409,23.9366,22.7593,22.5405,22.2843,22.96,24.0379,23.1968,23.516,22.7262,23.3039,23.383,23.3093,23.2704,23.5255,23.235,23.043,23.1696,24.1513,22.8383,23.4297,22.1705,22.3969,22.8789,22.3038,22.6956,22.8389,23.341,22.6522,22.2454,22.9517,22.8437,23.9446,22.5676,22.6909,21.9508,22.6791,23.359,22.8489,23.1635,22.8315,23.2375,23.2135,23.0801,24.3374,24.1543,23.4416,24.2335,22.468,23.2989,22.2559,22.9599,22.0465,22.181,23.2003,23.2614,22.3084,22.5289,22.7633,22.2467,23.0985,23.135,22.7868,22.9704,23.1639,22.5643,23.6794,23.4961,23.7613,22.7211,22.9164,23.5302,22.9837,22.0862,23.7886,22.6236,23.9077,22.639,24.0444,23.2824,22.4812,23.3067,23.9828,23.0681
15.9749,15.5685,15.1311,15.0586,15.4269,15.139,15.4127,15.7407,16.1196,15.7943,14.8412,16.7627,15.5494,15.188,16.1508,15.8072,15.4696,16.4527,15.8859,15.5929,16.4631,14.2675,15.8136,16.0947,15.8111,15.1671,14.967,15.7086,15.6103,16.3742,15.3459,15.7097,15.5356,14.9074,15.7994,15.4879,14.9254,15.8474,16.8337,16.1087,15.1325,15.9204,15.8257,16.2538,15.6866,15.625,15.0297,15.9344,14.9142,16.0142,16.3244,15.6656,16.3425,15.89,15.5991,15.8074,15.2042,16.5349,16.4469,15.3548,16.1591,15.8052,16.6215,15.4819,16.1557,15.5973,16.1695,14.8617,16.3477,16.2993,15.9797,16.4818,15.6867,16.1555,16.9362,16.3406,15.8653,15.0498,15.8943,15.6928,15.7473,15.1447,15.3805,15.2612,15.2412,16.4192,15.434,16.2496,16.5481,15.7378,15.4976,15.4071,15.127,15.6318,15.7517,15.3165,15.2589,15.7391,15.1221,15.4218,15.7237
22.0084,21.3916,19.6818,20.4053,20.3601,18.0697,19.9024,21.2088,21.7176,20.6958,22.8288,22.8813,20.2648,22.0333,21.9159,19.2962,20.6304,20.8393,20.3942,20.5586,22.6474,21.2007,20.3537,23.0997,20.8544,23.4004,22.4185,22.3229,20.2444,22.3253,22.041,22.4763,21.5081,20.3365,22.8206,19.6649,20.7701,20.0469,19.6683,20.5146,19.0902,21.515,20.8035,20.7936,20.3282,23.1577,19.7244,21.0413,18.8631,22.3228,19.6916,19.6773,18.8603,21.4921,20.3678,22.8631,19.8284,20.3471,23.0716,20.2253,21.7953,21.5813,24.2196,21.6028,21.4262,20.2806,20.1173,19.8863,21.5705,20.1933,21.0901,23.7408,20.7417,20.3188,21.6426,21.2829,19.5913,21.069,20.7794,21.3816,21.4909,19.3966,20.4672,23.2379,19.2944,24.0296,19.712,20.9079,21.5569,21.2667,20.6798,21.5089,19.3951,21.6033,19.9758,20.0081,22.0326,22.5211,19.9471,19.5577,21.0276
22.7637,22.8986,22.9799,21.6643,24.6323,22.7377,24.2149,22.9108,22.3526,21.7336,24.3057,22.937,23.4764,23.3985,22.6895,21.8221,23.7911,22.1768,22.5996,22.9801,22.646,23.5853,21.4316,23.5616,22.9488,23.994,23.0452,23.0455,23.5369,22.922,23.4892,23.3876,22.2052,22.9984,22.9766,21.7413,21.6495,23.172,21.325,24.4181,22.6878,23.6167,23.1586,22.8751,22.5155,23.5883,23.1182,23.2634,23.5124,22.6722,20.8077,22.9665,20.5918,23.7099,23.6952,23.7401,23.5746,21.2016,23.1713,24.3521,22.5906,23.0645,24.3697,22.8863,23.4479,21.9387,22.2719,23.3251,22.8464,24.349,23.5566,23.6959,24.0797,24.1324,22.6459,23.4459,23.8237,24.4014,24.0858,24.414,24.4182,22.2783,23.0857,24.1689,23.1551,24.3489,22.9918,22.7047,23.0859,21.8346,21.8415,22.9807,23.4609,23.0793,23.5957,23.2569,22.9698,23.3819,23.1838,21.0759,23.0623
22.5699,22.4878,23.0045,21.4941,24.7686,22.7483,24.1695,22.0158,21.7385,21.7021,24.2495,22.9236,23.4918,23.4839,22.7099,21.6282,23.9019,25.1338,21.8613,23.0183,22.6823,23.6146,21.4217,23.6207,22.9753,24.1067,23.0301,22.9946,22.9236,22.9953,23.6368,23.2593,22.2113,22.9464,23.0457,21.7468,21.6978,23.1719,24.2277,24.5559,22.7801,23.6775,23.2027,21.9461,22.2341,23.5051,23.1289,23.1928,23.5979,22.7197,22.6306,22.6295,22.3135,23.6455,23.6359,23.0819,23.7681,23.9502,23.2214,24.4326,22.598,22.1051,24.52,22.8409,23.2595,21.6216,22.0475,23.3856,21.9242,23.0075,23.6348,23.8897,22.8355,24.2399,22.4124,23.5517,22.6343,24.4975,24.0601,24.5065,24.4525,22.1008,23.0411,24.2366,23.2327,24.5116,22.7876,21.8543,22.7865,21.5428,21.7244,22.6428,23.3624,22.4146,23.671,23.3299,22.9369,23.3264,23.2333,21.1006,23.0512
22.8373,23.0927,23.124,21.7819,24.6097,22.8607,24.1726,23.0473,22.4579,21.7208,24.411,22.9901,23.5495,23.4462,22.6721,22.0012,23.7089,22.2193,22.8499,23.0353,22.614,23.6538,21.5236,23.5547,23.009,24.0482,23.146,23.0988,23.4419,23.0127,23.5484,23.3989,22.1957,23.2276,22.9244,21.9116,21.6418,23.3252,21.4472,24.5043,22.6108,23.7585,23.2016,22.9894,22.6569,23.4792,23.0963,23.4543,23.5228,22.6104,20.922,23.0253,20.6594,23.8762,23.7721,23.7209,23.5524,21.2765,23.2638,24.3619,22.559,23.082,24.2494,22.7388,23.4705,21.9545,22.2239,23.2759,22.8533,24.5408,23.4754,23.9223,24.1391,24.2396,22.5676,23.5074,23.8397,24.3432,24.1026,24.4449,24.4502,22.3685,23.0249,24.178,23.3002,24.5477,23.1137,22.79,23.0422,21.9383,21.8703,23.0821,23.7085,23.2197,23.6336,23.4213,22.9851,23.2854,23.2042,21.2729,23.1159
11.308,11.4535,11.3762,11.7689,10.9271,11.0941,11.3619,11.6094,11.3882,11.3367,11.7301,10.9773,11.188,11.4944,11.1662,11.142,11.1871,11.576,11.4755,11.3182,11.2218,11.6911,10.893,11.2686,11.3941,11.5335,11.4943,11.241,11.2976,11.1433,11.5531,11.3304,11.3337,11.4694,11.5499,11.583,11.3306,11.2065,11.3413,11.3958,11.0439,11.3456,11.4715,11.5706,11.1305,11.4022,11.1368,11.3709,10.9776,11.2384,11.2715,10.813,11.3333,11.546,11.0174,11.4904,11.1622,11.6207,11.1788,10.9327,11.1634,11.4541,11.3848,11.2665,11.3227,11.2727,11.4176,11.2391,11.5863,11.3394,11.1135,11.4328,11.3715,11.3349,11.4197,11.4749,11.1778,11.4014,10.6984,11.4181,11.4559,11.178,11.4036,11.3088,11.2737,11.0526,10.9598,11.2802,11.1441,11.1465,11.5027,11.7418,11.2075,11.8388,10.9697,11.2823,11.5734,11.7329,11.0024,11.6479,11.322
13.4891,13.109,13.6166,13.3483,12.7665,13.8227,13.4332,12.9791,12.9824,12.6262,12.5903,11.7435,13.0425,12.4568,12.2312,12.7474,12.7592,13.01,13.2139,13.1626,12.6109,12.636,12.483,11.8019,13.7922,12.8661,12.1083,13.4268,13.4297,12.1149,13.1745,12.8663,13.0266,12.857,12.9105,13.545,12.3836,13.9172,13.4059,13.1497,12.7515,13.0958,13.392,12.7607,12.4704,11.9591,13.3659,13.6485,13.7382,12.0909,13.7098,12.8442,13.0932,12.4762,12.9366,12.931,13.5617,13.5277,12.5953,12.6924,12.2309,12.6501,11.8641,12.37,12.6422,12.6057,13.741,12.7011,12.7277,13.1864,12.5829,12.3512,13.7473,13.2398,12.7392,12.4344,12.5276,13.2453,11.963,13.2212,13.0863,12.5379,12.279,12.8394,12.8907,12.3464,13.341,13.0534,12.3407,13.0542,13.1815,13.0598,12.2357,13.1855,12.9427,13.3941,12.7584,12.5961,12.7241,13.4131,12.8931
25.4722,22.7199,24.8743,23.8582,24.2344,25.019,25.4775,23.9034,22.2309,22.635,26.8578,23.4247,22.261,24.0464,23.5447,23.1629,23.1369,22.5201,22.9846,25.974,23.7579,26.1077,25.3653,25.1395,24.7718,23.1198,23.1091,23.655,23.4615,24.7836,25.6599,23.4458,25.7909,26.2769,26.2074,23.1374,26.9019,24.5243,26.1195,24.1998,25.2145,27.0212,25.407,25.7492,22.3497,22.9872,23.8824,23.2519,26.3347,24.9335,24.7533,23.49,24.4058,22.8743,22.8408,23.5361,24.1357,23.7174,22.4777,24.6223,23.6331,23.6906,26.1735,23.0672,23.2874,23.7642,25.2891,24.8915,25.4928,25.8939,22.9081,25.8042,24.0421,24.3798,23.4827,21.8424,22.5439,22.5444,21.9909,26.3189,26.3519,23.4525,23.3572,22.6049,23.0711,24.458,26.4788,26.4566,25.596,24.253,26.7452,21.8159,21.4114,21.9222,22.5322,25.502,25.3933,23.7206,23.5875,22.7178,24.2033
26.7208,22.6912,24.791,23.8392,24.2126,25.3441,25.6332,23.9382,22.2549,22.4334,27.0543,22.6705,25.5149,24.154,22.566,23.3208,21.6649,24.4935,23.0374,26.1106,23.3089,26.2382,24.5693,24.6697,24.871,24.7215,21.8757,23.7061,23.4968,24.2422,26.1358,23.628,27.2341,26.2184,26.3026,23.2667,26.8062,25.6853,26.0518,22.6332,24.9679,26.9901,22.5106,25.8942,22.3218,22.1377,23.9968,23.3995,26.3859,24.11,24.8051,23.5597,24.594,22.9569,23.5454,26.2556,25.8941,24.2449,22.2589,24.5508,22.6742,23.7067,26.0759,21.8832,23.4072,23.6762,25.3045,24.8766,25.4665,25.8545,21.731,22.5507,24.0857,22.7704,22.2799,23.1287,22.5403,24.0315,21.8406,26.3606,26.3622,23.3622,23.4063,25.3654,23.074,24.2241,26.5133,26.375,25.5991,24.3205,26.5919,21.8139,21.4133,21.9307,22.4947,25.7298,22.6034,23.9916,23.7386,22.7891,24.1943
25.3721,22.72,24.8116,23.7534,24.2849,25.1824,25.594,23.8418,22.1567,22.7652,26.7711,23.4781,22.3149,24.0072,23.4888,23.2251,23.1178,22.5718,22.9745,26.105,23.7724,26.1508,25.4481,25.0021,24.7119,23.1759,23.0224,23.4695,23.6423,24.7507,25.4823,23.4267,25.6525,26.1118,26.1352,23.2395,26.7489,24.7131,25.9419,24.1571,25.0536,26.7771,25.8939,25.6736,22.3412,23.0922,23.8406,23.179,26.4453,24.8777,24.7509,23.5163,24.5995,22.8573,22.7833,23.5304,24.0693,23.8071,22.6199,24.6563,23.5735,23.5783,26.1984,23.1614,23.4727,23.6147,25.3309,24.9305,25.4238,25.8078,23.0601,25.7527,23.8588,24.3492,23.5156,21.8785,22.4568,22.5281,21.923,26.0934,26.7604,23.366,23.2933,22.813,23.047,24.3437,26.3551,26.1831,25.6524,24.201,26.6537,21.8112,21.4592,21.9475,22.4413,25.6546,25.8009,23.8868,23.5706,22.6985,24.201
8.56252,8.25343,8.49186,8.70035,8.85903,8.31004,8.73381,8.78148,8.61544,8.93969,9.11823,9.52776,8.69321,8.85104,9.30777,8.6266,8.86123,8.72998,8.32769,8.96837,9.31324,9.36246,9.0214,9.49943,8.82242,8.53646,9.12219,9.28814,8.42856,9.50892,8.69462,9.50678,8.9478,8.91455,9.2871,8.53865,9.78508,8.31895,8.71312,8.93526,8.70819,8.87342,8.84398,9.41569,8.61786,9.12199,8.69023,8.82995,8.4803,9.46417,8.51993,8.41784,8.68224,9.16297,8.50349,9.22101,8.3361,8.53022,9.49643,8.87317,9.30536,9.10459,9.39636,9.53738,9.19029,8.93671,8.82436,8.9243,9.2087,8.84145,8.95944,9.4365,8.32097,8.90813,9.26249,9.20806,9.03355,8.63249,9.12154,9.00555,8.93818,8.73429,9.40226,9.21893,8.62212,9.41328,8.49219,8.65836,8.80599,8.60012,9.44309,8.24458,9.01601,8.29307,8.8807,8.5946,9.39069,8.90881,8.86109,8.53503,8.90805
10.8151,10.7608,10.2155,11.074,10.3019,10.2481,10.2914,10.686,10.3717,10.8378,10.7531,11.0299,10.359,10.562,10.6033,10.9665,10.0544,10.2272,10.4491,10.2038,10.5317,10.4527,11.0769,10.9961,10.0661,10.7426,10.8386,10.3505,10.5465,11.1226,10.5128,10.7741,10.2733,10.2505,10.5663,10.3655,10.2226,10.2319,10.7016,10.3732,10.7231,10.6705,10.6053,10.4227,10.9097,10.8546,10.4655,10.4856,10.2574,10.8474,10.393,10.6838,10.7223,10.6868,10.3726,10.8202,10.4621,10.3418,10.7768,10.2654,10.6084,10.7471,10.953,10.328,10.3754,10.701,10.4185,10.1745,10.8111,10.4485,10.3474,10.9726,10.2234,10.3075,10.5419,10.7911,10.6789,10.1526,10.7541,10.2012,10.5586,10.9698,10.451,10.5463,10.3786,10.8295,10.5682,11.1337,11.3157,10.3596,10.4929,10.6858,10.7547,10.6842,10.2604,9.99664,10.421,10.674,9.92258,10.481,10.5559
15.9627,15.8334,17.2998,16.483,17.3868,16.484,15.8238,16.2339,14.7358,15.6625,17.5801,15.873,17.4958,17.1649,18.9029,17.824,18.4476,14.8678,15.8476,18.7566,15.2058,18.8634,16.3498,17.1091,15.2749,15.998,16.5528,15.068,16.7008,17.3562,16.7039,15.9035,17.5316,17.7249,16.6709,16.3,19.426,16.3811,16.0611,17.8116,17.886,16.5979,18.4023,16.5218,17.3053,16.7495,18.7737,16.5391,17.1236,17.606,15.1315,17.2159,15.4386,17.266,16.7739,17.0143,15.981,15.2961,15.1258,17.7101,18.8123,16.0382,16.7119,18.4382,15.4049,16.3873,16.4747,18.3836,16.6071,16.3847,18.3129,16.2733,16.1247,17.8699,16.6563,19.0632,16.8497,17.3206,16.508,17.3472,17.6572,17.0872,19.4608,17.3759,18.1455,15.3872,16.7236,15.7199,16.0292,14.9103,17.8856,15.7243,19.3154,15.6073,15.5299,16.346,18.1954,16.1273,18.307,16.0599,16.8568
26.1908,27.6485,28.9831,28.8926,26.4035,26.1523,26.9134,26.7412,25.1631,28.1115,28.8447,27.3719,23.2243,26.7704,27.0624,25.8941,25.9163,25.1126,27.6984,25.8419,26.5936,27.5569,25.32,29.4169,25.9415,27.6702,26.5059,24.7401,26.3022,28.0588,25.8317,24.3746,24.5529,28.1517,27.8799,28.0825,23.9293,25.5384,24.7432,25.7464,27.3476,25.8158,23.4087,24.6639,27.517,27.043,26.3647,25.2969,27.633,27.8811,24.1935,26.6336,23.9349,28.3418,26.432,23.4169,26.4005,24.005,23.5403,26.0062,27.0567,24.4135,28.6768,24.844,24.0995,25.4774,28.8525,26.9167,27.1172,27.2215,26.2481,24.5911,25.6953,25.7552,25.8621,25.0955,28.065,27.625,27.9178,29.3346,28.42,26.8372,25.8805,22.4785,29.1747,27.5108,25.9878,26.0313,26.726,25.7052,26.046,27.5485,28.8514,27.6392,25.2284,23.1387,23.2921,28.7347,26.1142,28.4613,26.3842
24.4657,26.9841,29.1945,28.1103,26.4838,25.0977,26.1695,26.5051,24.9566,28.6676,28.4035,28.3948,26.1377,26.1238,29.0688,25.9299,29.1167,21.7537,27.5663,25.7139,27.3641,27.2265,25.4481,28.8371,25.7311,24.0583,28.6283,24.8109,26.3684,29.1589,24.2755,24.1624,22.9312,27.9271,27.8471,27.8656,23.9554,23.485,24.7051,28.3224,27.2474,25.639,26.589,24.4398,27.1962,28.1016,26.2093,25.0886,26.7997,28.9144,24.1972,26.6199,23.7251,28.0112,24.0589,27.2788,23.1536,22.6877,23.8079,26.0657,28.8908,24.2043,28.5026,26.4908,23.9169,24.7904,29.0983,26.8089,26.6843,26.8729,28.5626,28.5152,25.6637,28.2092,27.5815,27.7491,27.6334,23.6365,28.2169,28.6992,28.4428,26.6492,25.7508,25.7777,28.2815,27.4624,26.1043,26.164,26.9116,25.2814,25.7408,26.8236,28.5648,26.9902,25.0067,22.6274,25.7419,28.4064,25.9212,28.0338,26.4519
